flow_id,src_ip,dst_ip,src_port,dst_port,tx_packets,rx_packets,time_first_tx,time_last_rx,fct_sec,rx_bytes
1,10.0.0.2,10.0.1.2,49153,9001,47308,47116,0.100000000,0.186654065,0.086654065,69612228
3,10.0.0.2,10.0.2.2,49154,9002,46466,46402,0.100100000,0.196832585,0.096732585,69521772
5,10.0.0.2,10.0.3.2,49155,9003,47030,46966,0.100200000,0.198933668,0.098733668,69568476
7,10.0.0.2,10.0.4.2,49156,9004,56696,56696,0.100300000,0.200887499,0.100587499,70057060
9,10.0.0.2,10.0.5.2,49157,9005,56696,56696,0.100400000,0.202560661,0.102160661,70057060
11,10.0.0.2,10.0.6.2,49158,9006,56696,56696,0.100500000,0.207247311,0.106747311,70057060
13,10.0.0.2,10.0.7.2,49159,9007,56696,56696,0.100600000,0.199378911,0.098778911,70057060
15,10.0.0.2,10.0.8.2,49160,9008,56696,56696,0.100700000,0.204277512,0.103577512,70057060
17,10.0.0.2,10.0.9.2,49161,9009,56696,56696,0.100800000,0.201462112,0.100662112,70057060
19,10.0.0.2,10.0.10.2,49162,9010,57032,57032,0.100900000,0.204356293,0.103456293,70074532
21,10.0.0.2,10.0.11.2,49163,9011,56696,56696,0.101000000,0.204240316,0.103240316,70057060
23,10.0.0.2,10.0.12.2,49164,9012,56683,56683,0.101100000,0.209951947,0.108851947,70056384
25,10.0.0.2,10.0.13.2,49165,9013,56696,56696,0.101200000,0.204606717,0.103406717,70057060
27,10.0.0.2,10.0.14.2,49166,9014,46476,46412,0.101300000,0.203121058,0.101821058,69522292
29,10.0.0.2,10.0.15.2,49167,9015,46472,46408,0.101400000,0.203811919,0.102411919,69522084
30,10.0.0.2,10.0.16.2,49168,9016,46632,46349,0.101500000,1.214305430,1.112805430,69519016
32,10.0.0.2,10.0.17.2,49169,9017,46624,46349,0.101600000,1.214680572,1.113080572,69519016
34,10.0.0.2,10.0.18.2,49170,9018,46875,46349,0.101700000,1.226760872,1.125060872,69519016
36,10.0.0.2,10.0.19.2,49171,9019,46769,46351,0.101800000,1.218765037,1.116965037,69520568
38,10.0.0.2,10.0.20.2,49172,9020,46994,46349,0.101900000,1.228204624,1.126304624,69519016
40,10.0.0.2,10.0.21.2,49173,9021,46634,46349,0.102000000,1.214706202,1.112706202,69519016
42,10.0.0.2,10.0.22.2,49174,9022,46640,46350,0.102100000,1.214881445,1.112781445,69519068
44,10.0.0.2,10.0.23.2,49175,9023,46643,46351,0.102200000,1.214999270,1.112799270,69519120
46,10.0.0.2,10.0.24.2,49176,9024,46863,46349,0.102300000,1.223470671,1.121170671,69519016
48,10.0.0.2,10.0.25.2,49177,9025,46645,46350,0.102400000,1.215096412,1.112696412,69519068
50,10.0.0.2,10.0.26.2,49178,9026,46652,46350,0.102500000,1.215228373,1.112728373,69519068
52,10.0.0.2,10.0.27.2,49179,9027,46636,46350,0.102600000,1.215013489,1.112413489,69519068
54,10.0.0.2,10.0.28.2,49180,9028,46648,46351,0.102700000,1.215135325,1.112435325,69519120
56,10.0.0.2,10.0.29.2,49181,9029,46656,46350,0.102800000,1.215443097,1.112643097,69519068
58,10.0.0.2,10.0.30.2,49182,9030,46973,46349,0.102900000,1.226560712,1.123660712,69519016
60,10.0.0.2,10.0.31.2,49183,9031,46702,46350,0.103000000,1.215141528,1.112141528,69519068
62,10.0.1.2,10.0.0.2,49153,9000,56728,56728,0.103100000,0.208148239,0.105048239,70058724
65,10.0.1.2,10.0.2.2,49154,9002,49334,49270,0.103200000,0.189628425,0.086428425,69688884
67,10.0.1.2,10.0.3.2,49155,9003,47588,47524,0.103300000,0.199751124,0.096451124,69598092
69,10.0.1.2,10.0.4.2,49156,9004,46868,46804,0.103400000,0.201236370,0.097836370,69561164
71,10.0.1.2,10.0.5.2,49157,9005,46949,46885,0.103500000,0.203374999,0.099874999,69564016
73,10.0.1.2,10.0.6.2,49158,9006,46908,46844,0.103600000,0.208740797,0.105140797,69562132
75,10.0.1.2,10.0.7.2,49159,9007,46797,46733,0.103700000,0.201558425,0.097858425,69556360
77,10.0.1.2,10.0.8.2,49160,9008,46791,46727,0.103800000,0.205900021,0.102100021,69556048
79,10.0.1.2,10.0.9.2,49161,9009,47187,47123,0.103900000,0.202984080,0.099084080,69577240
81,10.0.1.2,10.0.10.2,49162,9010,46689,46625,0.104000000,0.207135397,0.103135397,69547512
83,10.0.1.2,10.0.11.2,49163,9011,46695,46631,0.104100000,0.205555276,0.101455276,69551056
85,10.0.1.2,10.0.12.2,49164,9012,46684,46620,0.104200000,0.204788526,0.100588526,69536004
87,10.0.1.2,10.0.13.2,49165,9013,56696,56696,0.104300000,0.206510790,0.102210790,70057060
89,10.0.1.2,10.0.14.2,49166,9014,56696,56696,0.104400000,0.205009188,0.100609188,70057060
91,10.0.1.2,10.0.15.2,49167,9015,46466,46402,0.104500000,0.205906465,0.101406465,69521772
93,10.0.1.2,10.0.16.2,49168,9016,46649,46350,0.104600000,1.214328362,1.109728362,69519068
94,10.0.1.2,10.0.17.2,49169,9017,46650,46350,0.104700000,1.214621792,1.109921792,69519068
96,10.0.1.2,10.0.18.2,49170,9018,46724,46350,0.104800000,1.219001149,1.114201149,69519068
98,10.0.1.2,10.0.19.2,49171,9019,46709,46350,0.104900000,1.219154741,1.114254741,69519068
100,10.0.1.2,10.0.20.2,49172,9020,46532,46350,0.105000000,1.215476554,1.110476554,69519068
102,10.0.1.2,10.0.21.2,49173,9021,46533,46350,0.105100000,1.215721503,1.110621503,69519068
104,10.0.1.2,10.0.22.2,49174,9022,46863,46349,0.105200000,1.225595082,1.120395082,69519016
106,10.0.1.2,10.0.23.2,49175,9023,46533,46349,0.105300000,1.215837689,1.110537689,69519016
108,10.0.1.2,10.0.24.2,49176,9024,46536,46351,0.105400000,1.216148149,1.110748149,69519120
110,10.0.1.2,10.0.25.2,49177,9025,46588,46349,0.105500000,1.216060017,1.110560017,69519016
112,10.0.1.2,10.0.26.2,49178,9026,46535,46350,0.105600000,1.216121586,1.110521586,69519068
114,10.0.1.2,10.0.27.2,49179,9027,46866,46349,0.105700000,1.231428963,1.125728963,69519016
116,10.0.1.2,10.0.28.2,49180,9028,46728,46350,0.105800000,1.219645134,1.113845134,69519068
118,10.0.1.2,10.0.29.2,49181,9029,46728,46350,0.105900000,1.219669600,1.113769600,69519068
120,10.0.1.2,10.0.30.2,49182,9030,46532,46349,0.106000000,1.216550507,1.110550507,69519016
122,10.0.1.2,10.0.31.2,49183,9031,46645,46350,0.106100000,1.215386553,1.109286553,69519068
124,10.0.2.2,10.0.0.2,49153,9000,46562,46498,0.106200000,0.207854416,0.101654416,69526764
127,10.0.2.2,10.0.1.2,49154,9001,56728,56728,0.106300000,0.203373596,0.097073596,70058724
129,10.0.2.2,10.0.3.2,49155,9003,49393,49329,0.106400000,0.190569790,0.084169790,69691352
131,10.0.2.2,10.0.4.2,49156,9004,47353,47289,0.106500000,0.200208033,0.093708033,69585872
133,10.0.2.2,10.0.5.2,49157,9005,46835,46771,0.106600000,0.203162261,0.096562261,69558336
135,10.0.2.2,10.0.6.2,49158,9006,46972,46908,0.106700000,0.208557090,0.101857090,69565460
137,10.0.2.2,10.0.7.2,49159,9007,46881,46817,0.106800000,0.201681841,0.094881841,69560728
139,10.0.2.2,10.0.8.2,49160,9008,46864,46800,0.106900000,0.205852330,0.098952330,69559844
141,10.0.2.2,10.0.9.2,49161,9009,46813,46749,0.107000000,0.202908046,0.095908046,69558304
143,10.0.2.2,10.0.10.2,49162,9010,46774,46710,0.107100000,0.207007952,0.099907952,69555164
145,10.0.2.2,10.0.11.2,49163,9011,46742,46678,0.107200000,0.205574836,0.098374836,69553340
147,10.0.2.2,10.0.12.2,49164,9012,46705,46641,0.107300000,0.204911105,0.097611105,69551416
149,10.0.2.2,10.0.13.2,49165,9013,56728,56728,0.107400000,0.206623867,0.099223867,70058724
151,10.0.2.2,10.0.14.2,49166,9014,56696,56696,0.107500000,0.205032286,0.097532286,70057060
153,10.0.2.2,10.0.15.2,49167,9015,46466,46402,0.107600000,0.205937643,0.098337643,69521772
155,10.0.2.2,10.0.16.2,49168,9016,46734,46349,0.107700000,1.228500958,1.120800958,69519016
157,10.0.2.2,10.0.17.2,49169,9017,46583,46350,0.107800000,1.216943132,1.109143132,69519068
159,10.0.2.2,10.0.18.2,49170,9018,46861,46350,0.107900000,1.223519996,1.115619996,69519068
160,10.0.2.2,10.0.19.2,49171,9019,46582,46350,0.108000000,1.217656345,1.109656345,69519068
162,10.0.2.2,10.0.20.2,49172,9020,46583,46350,0.108100000,1.217754234,1.109654234,69519068
164,10.0.2.2,10.0.21.2,49173,9021,46725,46350,0.108200000,1.228702448,1.120502448,69519068
166,10.0.2.2,10.0.22.2,49174,9022,46585,46351,0.108300000,1.217839280,1.109539280,69519120
168,10.0.2.2,10.0.23.2,49175,9023,46650,46351,0.108400000,1.215968893,1.107568893,69519120
170,10.0.2.2,10.0.24.2,49176,9024,46586,46350,0.108500000,1.217982375,1.109482375,69519068
172,10.0.2.2,10.0.25.2,49177,9025,46577,46349,0.108600000,1.218350362,1.109750362,69519016
174,10.0.2.2,10.0.26.2,49178,9026,46786,46349,0.108700000,1.232678791,1.123978791,69519016
176,10.0.2.2,10.0.27.2,49179,9027,46649,46350,0.108800000,1.215604669,1.106804669,69519068
178,10.0.2.2,10.0.28.2,49180,9028,46650,46349,0.108900000,1.215971627,1.107071627,69519016
180,10.0.2.2,10.0.29.2,49181,9029,46586,46350,0.109000000,1.218036819,1.109036819,69519068
182,10.0.2.2,10.0.30.2,49182,9030,46588,46350,0.109100000,1.218140437,1.109040437,69519068
184,10.0.2.2,10.0.31.2,49183,9031,46588,46350,0.109200000,1.218192823,1.108992823,69519068
186,10.0.3.2,10.0.0.2,49153,9000,46578,46514,0.109300000,0.208361020,0.099061020,69527596
189,10.0.3.2,10.0.1.2,49154,9001,46562,46498,0.109400000,0.203872326,0.094472326,69526764
191,10.0.3.2,10.0.2.2,49155,9002,46546,46482,0.109500000,0.203371347,0.093871347,69525932
193,10.0.3.2,10.0.4.2,49156,9004,49272,49208,0.109600000,0.191772829,0.082172829,69685060
195,10.0.3.2,10.0.5.2,49157,9005,47427,47363,0.109700000,0.201958356,0.092258356,69588872
197,10.0.3.2,10.0.6.2,49158,9006,47121,47057,0.109800000,0.208736603,0.098936603,69573208
199,10.0.3.2,10.0.7.2,49159,9007,47061,46933,0.109900000,0.202616554,0.092716554,69584736
201,10.0.3.2,10.0.8.2,49160,9008,46866,46802,0.110000000,0.206086326,0.096086326,69559948
203,10.0.3.2,10.0.9.2,49161,9009,46813,46749,0.110100000,0.203174479,0.093074479,69557192
205,10.0.3.2,10.0.10.2,49162,9010,46758,46694,0.110200000,0.207322373,0.097122373,69554332
207,10.0.3.2,10.0.11.2,49163,9011,46758,46694,0.110300000,0.205767984,0.095467984,69554332
209,10.0.3.2,10.0.12.2,49164,9012,46701,46637,0.110400000,0.205219640,0.094819640,69551208
211,10.0.3.2,10.0.13.2,49165,9013,46710,46646,0.110500000,0.206708321,0.096208321,69551836
213,10.0.3.2,10.0.14.2,49166,9014,46667,46603,0.110600000,0.205127668,0.094527668,69532224
215,10.0.3.2,10.0.15.2,49167,9015,46466,46402,0.110700000,0.207115287,0.096415287,69521772
217,10.0.3.2,10.0.16.2,49168,9016,46582,46349,0.110800000,1.218399848,1.107599848,69519016
219,10.0.3.2,10.0.17.2,49169,9017,46831,46349,0.110900000,1.228930654,1.118030654,69519016
221,10.0.3.2,10.0.18.2,49170,9018,46583,46350,0.111000000,1.218458045,1.107458045,69519068
223,10.0.3.2,10.0.19.2,49171,9019,46648,46350,0.111100000,1.218474355,1.107374355,69519068
224,10.0.3.2,10.0.20.2,49172,9020,46581,46349,0.111200000,1.218436309,1.107236309,69519016
226,10.0.3.2,10.0.21.2,49173,9021,46648,46350,0.111300000,1.218516660,1.107216660,69519068
228,10.0.3.2,10.0.22.2,49174,9022,46583,46350,0.111400000,1.218518764,1.107118764,69519068
230,10.0.3.2,10.0.23.2,49175,9023,46582,46350,0.111500000,1.218513232,1.107013232,69519068
232,10.0.3.2,10.0.24.2,49176,9024,46534,46349,0.111600000,1.219568728,1.107968728,69519016
234,10.0.3.2,10.0.25.2,49177,9025,46528,46349,0.111700000,1.218525934,1.106825934,69519016
236,10.0.3.2,10.0.26.2,49178,9026,46654,46349,0.111800000,1.215121694,1.103321694,69519016
238,10.0.3.2,10.0.27.2,49179,9027,46657,46350,0.111900000,1.215944922,1.104044922,69519068
240,10.0.3.2,10.0.28.2,49180,9028,46528,46350,0.112000000,1.218649851,1.106649851,69519068
242,10.0.3.2,10.0.29.2,49181,9029,46749,46349,0.112100000,1.230008108,1.117908108,69519016
244,10.0.3.2,10.0.30.2,49182,9030,46721,46349,0.112200000,1.232540326,1.120340326,69519016
246,10.0.3.2,10.0.31.2,49183,9031,46534,46351,0.112300000,1.218922489,1.106622489,69519120
248,10.0.4.2,10.0.0.2,49153,9000,56728,56728,0.112400000,0.258780929,0.146380929,70058724
251,10.0.4.2,10.0.1.2,49154,9001,56728,56728,0.112500000,0.258794812,0.146294812,70058724
253,10.0.4.2,10.0.2.2,49155,9002,56728,56728,0.112600000,0.258802063,0.146202063,70058724
255,10.0.4.2,10.0.3.2,49156,9003,56728,56728,0.112700000,0.258804922,0.146104922,70058724
257,10.0.4.2,10.0.5.2,49157,9005,48975,48911,0.112800000,0.236250599,0.123450599,69670728
259,10.0.4.2,10.0.6.2,49158,9006,47115,47051,0.112900000,0.251960537,0.139060537,69572896
261,10.0.4.2,10.0.7.2,49159,9007,46913,46849,0.113000000,0.255583603,0.142583603,69562568
263,10.0.4.2,10.0.8.2,49160,9008,46755,46691,0.113100000,0.256761565,0.143661565,69554176
265,10.0.4.2,10.0.9.2,49161,9009,46677,46613,0.113200000,0.257275090,0.144075090,69532744
267,10.0.4.2,10.0.10.2,49162,9010,46659,46595,0.113300000,0.257551209,0.144251209,69531808
269,10.0.4.2,10.0.11.2,49163,9011,46571,46507,0.113400000,0.257954259,0.144554259,69527232
271,10.0.4.2,10.0.12.2,49164,9012,46535,46471,0.113500000,0.258118417,0.144618417,69525360
273,10.0.4.2,10.0.13.2,49165,9013,46506,46442,0.113600000,0.258243273,0.144643273,69523852
275,10.0.4.2,10.0.14.2,49166,9014,46531,46467,0.113700000,0.258261381,0.144561381,69525152
277,10.0.4.2,10.0.15.2,49167,9015,56728,56728,0.113800000,0.258730848,0.144930848,70058724
279,10.0.4.2,10.0.16.2,49168,9016,46702,46349,0.113900000,1.270451672,1.156551672,69519016
281,10.0.4.2,10.0.17.2,49169,9017,46766,46349,0.114000000,0.324136837,0.210136837,69519016
283,10.0.4.2,10.0.18.2,49170,9018,46776,46349,0.114100000,0.324378790,0.210278790,69519016
285,10.0.4.2,10.0.19.2,49171,9019,46777,46349,0.114200000,0.324535117,0.210335117,69519016
287,10.0.4.2,10.0.20.2,49172,9020,46800,46349,0.114300000,0.326997906,0.212697906,69519016
288,10.0.4.2,10.0.21.2,49173,9021,46764,46349,0.114400000,0.324848030,0.210448030,69519016
290,10.0.4.2,10.0.22.2,49174,9022,46769,46349,0.114500000,0.324966115,0.210466115,69519016
292,10.0.4.2,10.0.23.2,49175,9023,46768,46349,0.114600000,0.325101376,0.210501376,69519016
294,10.0.4.2,10.0.24.2,49176,9024,46769,46349,0.114700000,0.326075249,0.211375249,69519016
296,10.0.4.2,10.0.25.2,49177,9025,46659,46349,0.114800000,0.324476090,0.209676090,69519016
298,10.0.4.2,10.0.26.2,49178,9026,46780,46349,0.114900000,0.324348691,0.209448691,69519016
300,10.0.4.2,10.0.27.2,49179,9027,46772,46349,0.115000000,0.326485919,0.211485919,69519016
302,10.0.4.2,10.0.28.2,49180,9028,46647,46349,0.115100000,0.330494754,0.215394754,69519016
304,10.0.4.2,10.0.29.2,49181,9029,46774,46349,0.115200000,0.325858278,0.210658278,69519016
306,10.0.4.2,10.0.30.2,49182,9030,46730,46349,0.115300000,0.326075257,0.210775257,69519016
308,10.0.4.2,10.0.31.2,49183,9031,46771,46349,0.115400000,0.354375304,0.238975304,69519016
310,10.0.5.2,10.0.0.2,49153,9000,46625,46561,0.115500000,0.244626377,0.129126377,69530040
313,10.0.5.2,10.0.1.2,49154,9001,46619,46555,0.115600000,0.244632727,0.129032727,69529728
315,10.0.5.2,10.0.2.2,49155,9002,46601,46537,0.115700000,0.244636991,0.128936991,69528792
317,10.0.5.2,10.0.3.2,49156,9003,47040,46976,0.115800000,0.243560081,0.127760081,69568996
319,10.0.5.2,10.0.4.2,49157,9004,46670,46606,0.115900000,0.243699785,0.127799785,69532380
321,10.0.5.2,10.0.6.2,49158,9006,48393,48329,0.116000000,0.228113972,0.112113972,69639352
323,10.0.5.2,10.0.7.2,49159,9007,46783,46719,0.116100000,0.240269545,0.124169545,69555472
325,10.0.5.2,10.0.8.2,49160,9008,47030,46966,0.116200000,0.243124300,0.126924300,69568228
327,10.0.5.2,10.0.9.2,49161,9009,46710,46646,0.116300000,0.243673321,0.127373321,69551836
329,10.0.5.2,10.0.10.2,49162,9010,46945,46817,0.116400000,0.244202247,0.127802247,69577944
331,10.0.5.2,10.0.11.2,49163,9011,46795,46731,0.116500000,0.244377684,0.127877684,69556256
333,10.0.5.2,10.0.12.2,49164,9012,46753,46689,0.116600000,0.244514831,0.127914831,69553912
335,10.0.5.2,10.0.13.2,49165,9013,46715,46651,0.116700000,0.244592254,0.127892254,69552096
337,10.0.5.2,10.0.14.2,49166,9014,46699,46635,0.116800000,0.244620417,0.127820417,69551264
339,10.0.5.2,10.0.15.2,49167,9015,47275,47211,0.116900000,0.243833285,0.126933285,69581216
341,10.0.5.2,10.0.16.2,49168,9016,46768,46349,0.117000000,0.327524737,0.210524737,69519016
343,10.0.5.2,10.0.17.2,49169,9017,46787,46349,0.117100000,0.351091849,0.233991849,69519016
345,10.0.5.2,10.0.18.2,49170,9018,46648,46349,0.117200000,0.328512139,0.211312139,69519016
347,10.0.5.2,10.0.19.2,49171,9019,46769,46349,0.117300000,0.328095261,0.210795261,69519016
348,10.0.5.2,10.0.20.2,49172,9020,46635,46349,0.117400000,1.232296983,1.114896983,69519016
350,10.0.5.2,10.0.21.2,49173,9021,46762,46349,0.117500000,0.328374820,0.210874820,69519016
352,10.0.5.2,10.0.22.2,49174,9022,46801,46349,0.117600000,0.351189681,0.233589681,69519016
354,10.0.5.2,10.0.23.2,49175,9023,46589,46349,0.117700000,1.216093008,1.098393008,69519016
356,10.0.5.2,10.0.24.2,49176,9024,46813,46349,0.117800000,0.327753168,0.209953168,69519016
358,10.0.5.2,10.0.25.2,49177,9025,46771,46349,0.117900000,0.327845975,0.209945975,69519016
360,10.0.5.2,10.0.26.2,49178,9026,46591,46349,0.118000000,1.232285383,1.114285383,69519016
362,10.0.5.2,10.0.27.2,49179,9027,46713,46349,0.118100000,0.331256253,0.213156253,69519016
364,10.0.5.2,10.0.28.2,49180,9028,46721,46349,0.118200000,0.329195751,0.210995751,69519016
366,10.0.5.2,10.0.29.2,49181,9029,46665,46349,0.118300000,0.368995301,0.250695301,69519016
368,10.0.5.2,10.0.30.2,49182,9030,46677,46349,0.118400000,0.330897251,0.212497251,69519016
370,10.0.5.2,10.0.31.2,49183,9031,46598,46349,0.118500000,0.332591955,0.214091955,69519016
372,10.0.6.2,10.0.0.2,49153,9000,46673,46609,0.118600000,0.248563172,0.129963172,69532536
375,10.0.6.2,10.0.1.2,49154,9001,56728,56728,0.118700000,0.248805247,0.130105247,70058724
377,10.0.6.2,10.0.2.2,49155,9002,46689,46625,0.118800000,0.246936689,0.128136689,69547848
379,10.0.6.2,10.0.3.2,49156,9003,46685,46621,0.118900000,0.247056054,0.128156054,69538952
381,10.0.6.2,10.0.4.2,49157,9004,56728,56728,0.119000000,0.248870382,0.129870382,70058724
383,10.0.6.2,10.0.5.2,49158,9005,56728,56728,0.119100000,0.248827342,0.129727342,70058724
385,10.0.6.2,10.0.7.2,49159,9007,48103,48039,0.119200000,0.233644434,0.114444434,69624872
387,10.0.6.2,10.0.8.2,49160,9008,47102,47038,0.119300000,0.244716109,0.125416109,69572220
389,10.0.6.2,10.0.9.2,49161,9009,46783,46719,0.119400000,0.247010735,0.127610735,69555472
391,10.0.6.2,10.0.10.2,49162,9010,46677,46613,0.119500000,0.247619372,0.128119372,69532744
393,10.0.6.2,10.0.11.2,49163,9011,56728,56728,0.119600000,0.248402961,0.128802961,70058724
395,10.0.6.2,10.0.12.2,49164,9012,56728,56728,0.119700000,0.248570953,0.128870953,70058724
397,10.0.6.2,10.0.13.2,49165,9013,46765,46701,0.119800000,0.248351678,0.128551678,69554696
399,10.0.6.2,10.0.14.2,49166,9014,47391,47327,0.119900000,0.247074801,0.127174801,69587248
401,10.0.6.2,10.0.15.2,49167,9015,56728,56728,0.120000000,0.248790634,0.128790634,70058724
403,10.0.6.2,10.0.16.2,49168,9016,46586,46349,0.120100000,0.335062994,0.214962994,69519016
405,10.0.6.2,10.0.17.2,49169,9017,46715,46349,0.120200000,0.331016426,0.210816426,69519016
407,10.0.6.2,10.0.18.2,49170,9018,46718,46349,0.120300000,0.331452452,0.211152452,69519016
409,10.0.6.2,10.0.19.2,49171,9019,46502,46350,0.120400000,1.348225235,1.227825235,69519068
411,10.0.6.2,10.0.20.2,49172,9020,46723,46349,0.120500000,0.331505192,0.211005192,69519016
413,10.0.6.2,10.0.21.2,49173,9021,46712,46349,0.120600000,0.331642712,0.211042712,69519016
414,10.0.6.2,10.0.22.2,49174,9022,46712,46349,0.120700000,0.333289546,0.212589546,69519016
416,10.0.6.2,10.0.23.2,49175,9023,46779,46349,0.120800000,0.330673959,0.209873959,69519016
418,10.0.6.2,10.0.24.2,49176,9024,46723,46349,0.120900000,0.331568733,0.210668733,69519016
420,10.0.6.2,10.0.25.2,49177,9025,46540,46349,0.121000000,1.232747979,1.111747979,69519016
422,10.0.6.2,10.0.26.2,49178,9026,46534,46350,0.121100000,1.232448673,1.111348673,69519068
424,10.0.6.2,10.0.27.2,49179,9027,46673,46349,0.121200000,0.332312249,0.211112249,69519016
426,10.0.6.2,10.0.28.2,49180,9028,46661,46349,0.121300000,0.334647030,0.213347030,69519016
428,10.0.6.2,10.0.29.2,49181,9029,46683,46349,0.121400000,0.355605583,0.234205583,69519016
430,10.0.6.2,10.0.30.2,49182,9030,46623,46349,0.121500000,0.332623783,0.211123783,69519016
432,10.0.6.2,10.0.31.2,49183,9031,46551,46349,0.121600000,0.334794252,0.213194252,69519016
434,10.0.7.2,10.0.0.2,49153,9000,56728,56728,0.121700000,0.232457858,0.110757858,70058724
437,10.0.7.2,10.0.1.2,49154,9001,47183,47119,0.121800000,0.225915303,0.104115303,69577032
439,10.0.7.2,10.0.2.2,49155,9002,47438,47374,0.121900000,0.226099531,0.104199531,69589692
441,10.0.7.2,10.0.3.2,49156,9003,56728,56728,0.122000000,0.228099780,0.106099780,70058724
443,10.0.7.2,10.0.4.2,49157,9004,56728,56728,0.122100000,0.228213173,0.106113173,70058724
445,10.0.7.2,10.0.5.2,49158,9005,46598,46534,0.122200000,0.228015376,0.105815376,69528636
447,10.0.7.2,10.0.6.2,49159,9006,56728,56728,0.122300000,0.228264804,0.105964804,70058724
449,10.0.7.2,10.0.8.2,49160,9008,48797,48733,0.122400000,0.216006114,0.093606114,69659776
451,10.0.7.2,10.0.9.2,49161,9009,47086,47022,0.122500000,0.224721691,0.102221691,69571388
453,10.0.7.2,10.0.10.2,49162,9010,47042,46978,0.122600000,0.226423510,0.103823510,69569100
455,10.0.7.2,10.0.11.2,49163,9011,46921,46857,0.122700000,0.226923183,0.104223183,69563672
457,10.0.7.2,10.0.12.2,49164,9012,56748,56748,0.122800000,0.231849808,0.109049808,70059764
459,10.0.7.2,10.0.13.2,49165,9013,46801,46737,0.122900000,0.227375244,0.104475244,69556408
461,10.0.7.2,10.0.14.2,49166,9014,46763,46699,0.123000000,0.227506034,0.104506034,69554592
463,10.0.7.2,10.0.15.2,49167,9015,46733,46669,0.123100000,0.228685517,0.105585517,69553032
465,10.0.7.2,10.0.16.2,49168,9016,46707,46349,0.123200000,0.348123256,0.224923256,69519016
467,10.0.7.2,10.0.17.2,49169,9017,46704,46349,0.123300000,0.335411498,0.212111498,69519016
469,10.0.7.2,10.0.18.2,49170,9018,46509,46349,0.123400000,1.240121582,1.116721582,69519016
471,10.0.7.2,10.0.19.2,49171,9019,46468,46349,0.123500000,1.234469432,1.110969432,69519016
473,10.0.7.2,10.0.20.2,49172,9020,46567,46349,0.123600000,0.386164259,0.262564259,69519016
475,10.0.7.2,10.0.21.2,49173,9021,46704,46349,0.123700000,0.334578078,0.210878078,69519016
477,10.0.7.2,10.0.22.2,49174,9022,46735,46349,0.123800000,0.335386905,0.211586905,69519016
478,10.0.7.2,10.0.23.2,49175,9023,46768,46349,0.123900000,0.333516657,0.209616657,69519016
480,10.0.7.2,10.0.24.2,49176,9024,46542,46350,0.124000000,1.224290793,1.100290793,69519068
482,10.0.7.2,10.0.25.2,49177,9025,46542,46350,0.124100000,1.224313820,1.100213820,69519068
484,10.0.7.2,10.0.26.2,49178,9026,46542,46350,0.124200000,1.224331298,1.100131298,69519068
486,10.0.7.2,10.0.27.2,49179,9027,46602,46350,0.124300000,1.224508107,1.100208107,69519068
488,10.0.7.2,10.0.28.2,49180,9028,46542,46350,0.124400000,1.224342487,1.099942487,69519068
490,10.0.7.2,10.0.29.2,49181,9029,46541,46349,0.124500000,1.224369803,1.099869803,69519016
492,10.0.7.2,10.0.30.2,49182,9030,46471,46349,0.124600000,1.234835260,1.110235260,69519016
494,10.0.7.2,10.0.31.2,49183,9031,46543,46351,0.124700000,1.224526651,1.099826651,69519120
496,10.0.8.2,10.0.0.2,49153,9000,46978,46914,0.124800000,0.252604393,0.127804393,69565772
499,10.0.8.2,10.0.1.2,49154,9001,47217,47153,0.124900000,0.252741126,0.127841126,69578200
501,10.0.8.2,10.0.2.2,49155,9002,56728,56728,0.125000000,0.256341912,0.131341912,70058724
503,10.0.8.2,10.0.3.2,49156,9003,56728,56728,0.125100000,0.256400717,0.131300717,70058724
505,10.0.8.2,10.0.4.2,49157,9004,46743,46679,0.125200000,0.256255408,0.131055408,69553552
507,10.0.8.2,10.0.5.2,49158,9005,46382,46349,0.125300000,0.261454872,0.136154872,69519016
509,10.0.8.2,10.0.6.2,49159,9006,56728,56728,0.125400000,0.256516487,0.131116487,70058724
511,10.0.8.2,10.0.7.2,49160,9007,56728,56728,0.125500000,0.256519265,0.131019265,70058724
513,10.0.8.2,10.0.9.2,49161,9009,48468,48404,0.125600000,0.240543436,0.114943436,69642668
515,10.0.8.2,10.0.10.2,49162,9010,47011,46947,0.125700000,0.251836315,0.126136315,69567416
517,10.0.8.2,10.0.11.2,49163,9011,46705,46641,0.125800000,0.253853536,0.128053536,69551576
519,10.0.8.2,10.0.12.2,49164,9012,46581,46517,0.125900000,0.254554915,0.128654915,69527752
521,10.0.8.2,10.0.13.2,49165,9013,56728,56728,0.126000000,0.255515782,0.129515782,70058724
523,10.0.8.2,10.0.14.2,49166,9014,56728,56728,0.126100000,0.255782037,0.129682037,70058724
525,10.0.8.2,10.0.15.2,49167,9015,56728,56728,0.126200000,0.255955375,0.129755375,70058724
527,10.0.8.2,10.0.16.2,49168,9016,46770,46349,0.126300000,0.337376859,0.211076859,69519016
529,10.0.8.2,10.0.17.2,49169,9017,46780,46349,0.126400000,0.337534432,0.211134432,69519016
531,10.0.8.2,10.0.18.2,49170,9018,46776,46349,0.126500000,0.338267911,0.211767911,69519016
533,10.0.8.2,10.0.19.2,49171,9019,46578,46350,0.126600000,1.233527722,1.106927722,69519068
534,10.0.8.2,10.0.20.2,49172,9020,46775,46349,0.126700000,0.337938866,0.211238866,69519016
536,10.0.8.2,10.0.21.2,49173,9021,46737,46349,0.126800000,0.337891958,0.211091958,69519016
538,10.0.8.2,10.0.22.2,49174,9022,46521,46350,0.126900000,1.223222644,1.096322644,69519068
540,10.0.8.2,10.0.23.2,49175,9023,46581,46349,0.127000000,1.262705223,1.135705223,69519016
542,10.0.8.2,10.0.24.2,49176,9024,46730,46349,0.127100000,0.338360889,0.211260889,69519016
544,10.0.8.2,10.0.25.2,49177,9025,46611,46349,0.127200000,0.342331637,0.215131637,69519016
546,10.0.8.2,10.0.26.2,49178,9026,46738,46349,0.127300000,0.338541190,0.211241190,69519016
548,10.0.8.2,10.0.27.2,49179,9027,46732,46349,0.127400000,0.338618504,0.211218504,69519016
550,10.0.8.2,10.0.28.2,49180,9028,46656,46349,0.127500000,0.339092027,0.211592027,69519016
552,10.0.8.2,10.0.29.2,49181,9029,46730,46349,0.127600000,0.338784907,0.211184907,69519016
554,10.0.8.2,10.0.30.2,49182,9030,46681,46349,0.127700000,0.340972530,0.213272530,69519016
556,10.0.8.2,10.0.31.2,49183,9031,46692,46349,0.127800000,0.338800927,0.211000927,69519016
558,10.0.9.2,10.0.0.2,49153,9000,47269,47205,0.127900000,0.242638885,0.114738885,69581504
561,10.0.9.2,10.0.1.2,49154,9001,56728,56728,0.128000000,0.247386293,0.119386293,70058724
563,10.0.9.2,10.0.2.2,49155,9002,56728,56728,0.128100000,0.247535552,0.119435552,70058724
565,10.0.9.2,10.0.3.2,49156,9003,51362,51298,0.128200000,0.247444589,0.119244589,69794852
567,10.0.9.2,10.0.4.2,49157,9004,56728,56728,0.128300000,0.247795280,0.119495280,70058724
569,10.0.9.2,10.0.5.2,49158,9005,56728,56728,0.128400000,0.247778577,0.119378577,70058724
571,10.0.9.2,10.0.6.2,49159,9006,56728,56728,0.128500000,0.247863123,0.119363123,70058724
573,10.0.9.2,10.0.7.2,49160,9007,56728,56728,0.128600000,0.247845371,0.119245371,70058724
575,10.0.9.2,10.0.8.2,49161,9008,56728,56728,0.128700000,0.247892639,0.119192639,70058724
577,10.0.9.2,10.0.10.2,49162,9010,48769,48705,0.128800000,0.231580746,0.102780746,69658832
579,10.0.9.2,10.0.11.2,49163,9011,47391,47327,0.128900000,0.241333106,0.112433106,69588024
581,10.0.9.2,10.0.12.2,49164,9012,46950,46886,0.129000000,0.244146084,0.115146084,69564916
583,10.0.9.2,10.0.13.2,49165,9013,46772,46708,0.129100000,0.245134890,0.116034890,69554900
585,10.0.9.2,10.0.14.2,49166,9014,46688,46624,0.129200000,0.245583014,0.116383014,69540732
587,10.0.9.2,10.0.15.2,49167,9015,46462,46400,0.129300000,0.248092290,0.118792290,69521668
589,10.0.9.2,10.0.16.2,49168,9016,46372,46349,0.129400000,1.339145396,1.209745396,69519016
590,10.0.9.2,10.0.17.2,49169,9017,46728,46349,0.129500000,0.339825033,0.210325033,69519016
592,10.0.9.2,10.0.18.2,49170,9018,46692,46349,0.129600000,0.350968881,0.221368881,69519016
594,10.0.9.2,10.0.19.2,49171,9019,46602,46349,0.129700000,0.341869880,0.212169880,69519016
596,10.0.9.2,10.0.20.2,49172,9020,46540,46350,0.129800000,1.223412490,1.093612490,69519068
599,10.0.9.2,10.0.21.2,49173,9021,46499,46349,0.129900000,0.356586309,0.226686309,69519016
600,10.0.9.2,10.0.22.2,49174,9022,46720,46349,0.130000000,0.340364393,0.210364393,69519016
601,10.0.9.2,10.0.23.2,49175,9023,46468,46350,0.130100000,1.233867763,1.103767763,69519068
603,10.0.9.2,10.0.24.2,49176,9024,46433,46349,0.130200000,1.221968651,1.091768651,69519016
605,10.0.9.2,10.0.25.2,49177,9025,46715,46349,0.130300000,0.341068263,0.210768263,69519016
607,10.0.9.2,10.0.26.2,49178,9026,46718,46349,0.130400000,0.342088408,0.211688408,69519016
609,10.0.9.2,10.0.27.2,49179,9027,46722,46349,0.130500000,0.340780418,0.210280418,69519016
612,10.0.9.2,10.0.28.2,49180,9028,46675,46349,0.130600000,0.342534723,0.211934723,69519016
614,10.0.9.2,10.0.29.2,49181,9029,46678,46349,0.130700000,0.340917576,0.210217576,69519016
615,10.0.9.2,10.0.30.2,49182,9030,46678,46349,0.130800000,0.340881175,0.210081175,69519016
617,10.0.9.2,10.0.31.2,49183,9031,46679,46349,0.130900000,0.340643480,0.209743480,69519016
619,10.0.10.2,10.0.0.2,49153,9000,46637,46573,0.131000000,0.265695716,0.134695716,69530664
623,10.0.10.2,10.0.1.2,49154,9001,50051,49987,0.131100000,0.265925638,0.134825638,69726168
625,10.0.10.2,10.0.2.2,49155,9002,50029,49965,0.131200000,0.265980435,0.134780435,69725112
627,10.0.10.2,10.0.3.2,49156,9003,50011,49947,0.131300000,0.266032673,0.134732673,69724600
629,10.0.10.2,10.0.4.2,49157,9004,46582,46518,0.131400000,0.265993476,0.134593476,69527804
631,10.0.10.2,10.0.5.2,49158,9005,56728,56728,0.131500000,0.266203019,0.134703019,70058724
633,10.0.10.2,10.0.6.2,49159,9006,56728,56728,0.131600000,0.266209035,0.134609035,70058724
635,10.0.10.2,10.0.7.2,49160,9007,56728,56728,0.131700000,0.266213669,0.134513669,70058724
637,10.0.10.2,10.0.8.2,49161,9008,46987,46923,0.131800000,0.264137006,0.132337006,69566240
639,10.0.10.2,10.0.9.2,49162,9009,46694,46630,0.131900000,0.264312207,0.132412207,69551004
641,10.0.10.2,10.0.11.2,49163,9011,48225,48161,0.132000000,0.251743834,0.119743834,69631216
643,10.0.10.2,10.0.12.2,49164,9012,47449,47385,0.132100000,0.260498873,0.128398873,69590264
645,10.0.10.2,10.0.13.2,49165,9013,50458,50394,0.132200000,0.263922410,0.131722410,69747332
647,10.0.10.2,10.0.14.2,49166,9014,46843,46779,0.132300000,0.264726996,0.132426996,69558592
649,10.0.10.2,10.0.15.2,49167,9015,50213,50149,0.132400000,0.265308403,0.132908403,69733920
651,10.0.10.2,10.0.16.2,49168,9016,46707,46349,0.132500000,0.341953691,0.209453691,69519016
653,10.0.10.2,10.0.17.2,49169,9017,46703,46349,0.132600000,0.343312781,0.210712781,69519016
655,10.0.10.2,10.0.18.2,49170,9018,46711,46349,0.132700000,0.342188863,0.209488863,69519016
657,10.0.10.2,10.0.19.2,49171,9019,46712,46349,0.132800000,0.342310951,0.209510951,69519016
659,10.0.10.2,10.0.20.2,49172,9020,46758,46349,0.132900000,0.341970992,0.209070992,69519016
661,10.0.10.2,10.0.21.2,49173,9021,46667,46349,0.133000000,0.342542774,0.209542774,69519016
663,10.0.10.2,10.0.22.2,49174,9022,46706,46349,0.133100000,0.342632674,0.209532674,69519016
664,10.0.10.2,10.0.23.2,49175,9023,46708,46349,0.133200000,0.342727728,0.209527728,69519016
666,10.0.10.2,10.0.24.2,49176,9024,46663,46349,0.133300000,0.342814378,0.209514378,69519016
668,10.0.10.2,10.0.25.2,49177,9025,46668,46349,0.133400000,0.344322615,0.210922615,69519016
670,10.0.10.2,10.0.26.2,49178,9026,46539,46349,0.133500000,0.344975859,0.211475859,69519016
672,10.0.10.2,10.0.27.2,49179,9027,56697,56696,0.133600000,3.139233932,3.005633932,70057060
674,10.0.10.2,10.0.28.2,49180,9028,46665,46349,0.133700000,0.343446228,0.209746228,69519016
675,10.0.10.2,10.0.29.2,49181,9029,46511,46349,0.133800000,1.224385066,1.090585066,69519016
676,10.0.10.2,10.0.30.2,49182,9030,46676,46349,0.133900000,0.343189390,0.209289390,69519016
677,10.0.10.2,10.0.31.2,49183,9031,46621,46349,0.134000000,0.343309388,0.209309388,69519016
679,10.0.11.2,10.0.0.2,49153,9000,46849,46785,0.134100000,0.269657501,0.135557501,69559064
683,10.0.11.2,10.0.1.2,49154,9001,56728,56728,0.134200000,0.270029168,0.135829168,70058724
686,10.0.11.2,10.0.2.2,49155,9002,46831,46767,0.134300000,0.269741534,0.135441534,69558128
688,10.0.11.2,10.0.3.2,49156,9003,46809,46745,0.134400000,0.269869037,0.135469037,69556984
690,10.0.11.2,10.0.4.2,49157,9004,46785,46721,0.134500000,0.269918761,0.135418761,69555736
692,10.0.11.2,10.0.5.2,49158,9005,56728,56728,0.134600000,0.270246077,0.135646077,70058724
694,10.0.11.2,10.0.6.2,49159,9006,56728,56728,0.134700000,0.270262877,0.135562877,70058724
696,10.0.11.2,10.0.7.2,49160,9007,46838,46774,0.134800000,0.267568050,0.132768050,69558492
698,10.0.11.2,10.0.8.2,49161,9008,47231,47167,0.134900000,0.267805034,0.132905034,69578928
700,10.0.11.2,10.0.9.2,49162,9009,56728,56728,0.135000000,0.270306593,0.135306593,70058724
702,10.0.11.2,10.0.10.2,49163,9010,46382,46349,0.135100000,0.274922609,0.139822609,69519016
704,10.0.11.2,10.0.12.2,49164,9012,56717,56717,0.135200000,0.259891058,0.124691058,70058152
706,10.0.11.2,10.0.13.2,49165,9013,47535,47471,0.135300000,0.265260963,0.129960963,69594664
708,10.0.11.2,10.0.14.2,49166,9014,46922,46858,0.135400000,0.267807184,0.132407184,69563548
710,10.0.11.2,10.0.15.2,49167,9015,56728,56728,0.135500000,0.269154040,0.133654040,70058724
712,10.0.11.2,10.0.16.2,49168,9016,46584,46349,0.135600000,0.345750604,0.210150604,69519016
714,10.0.11.2,10.0.17.2,49169,9017,46666,46349,0.135700000,0.344112375,0.208412375,69519016
716,10.0.11.2,10.0.18.2,49170,9018,46706,46349,0.135800000,0.344249775,0.208449775,69519016
718,10.0.11.2,10.0.19.2,49171,9019,46715,46349,0.135900000,0.344370012,0.208470012,69519016
720,10.0.11.2,10.0.20.2,49172,9020,46543,46349,0.136000000,0.346808306,0.210808306,69519016
722,10.0.11.2,10.0.21.2,49173,9021,46665,46349,0.136100000,0.344566921,0.208466921,69519016
724,10.0.11.2,10.0.22.2,49174,9022,46475,46349,0.136200000,0.411558056,0.275358056,69519016
725,10.0.11.2,10.0.23.2,49175,9023,46544,46349,0.136300000,0.347749026,0.211449026,69519016
726,10.0.11.2,10.0.24.2,49176,9024,46661,46349,0.136400000,0.345318404,0.208918404,69519016
729,10.0.11.2,10.0.25.2,49177,9025,46658,46349,0.136500000,0.344882860,0.208382860,69519016
731,10.0.11.2,10.0.26.2,49178,9026,46628,46350,0.136600000,1.273122291,1.136522291,69519068
733,10.0.11.2,10.0.27.2,49179,9027,46535,46349,0.136700000,0.346737740,0.210037740,69519016
735,10.0.11.2,10.0.28.2,49180,9028,46661,46349,0.136800000,0.344967279,0.208167279,69519016
737,10.0.11.2,10.0.29.2,49181,9029,46665,46349,0.136900000,0.344660784,0.207760784,69519016
739,10.0.11.2,10.0.30.2,49182,9030,46619,46349,0.137000000,0.345177549,0.208177549,69519016
741,10.0.11.2,10.0.31.2,49183,9031,46620,46349,0.137100000,0.345232686,0.208132686,69519016
743,10.0.12.2,10.0.0.2,49153,9000,46416,46379,0.137200000,0.268823448,0.131623448,69520576
746,10.0.12.2,10.0.1.2,49154,9001,56728,56728,0.137300000,0.268388603,0.131088603,70058724
748,10.0.12.2,10.0.2.2,49155,9002,46466,46402,0.137400000,0.267898500,0.130498500,69521772
750,10.0.12.2,10.0.3.2,49156,9003,46724,46660,0.137500000,0.268142750,0.130642750,69553676
752,10.0.12.2,10.0.4.2,49157,9004,46690,46626,0.137600000,0.268181565,0.130581565,69546628
754,10.0.12.2,10.0.5.2,49158,9005,56728,56728,0.137700000,0.268765723,0.131065723,70058724
756,10.0.12.2,10.0.6.2,49159,9006,46442,46391,0.137800000,0.269801909,0.132001909,69521200
758,10.0.12.2,10.0.7.2,49160,9007,47138,47074,0.137900000,0.264955450,0.127055450,69574092
760,10.0.12.2,10.0.8.2,49161,9008,46611,46547,0.138000000,0.268570905,0.130570905,69529312
762,10.0.12.2,10.0.9.2,49162,9009,56728,56728,0.138100000,0.268919791,0.130819791,70058724
764,10.0.12.2,10.0.10.2,49163,9010,56728,56728,0.138200000,0.268944585,0.130744585,70058724
766,10.0.12.2,10.0.11.2,49164,9011,46566,46502,0.138300000,0.268881928,0.130581928,69526972
768,10.0.12.2,10.0.13.2,49165,9013,47064,47022,0.138400000,0.259861349,0.121461349,69566708
770,10.0.12.2,10.0.14.2,49166,9014,46787,46723,0.138500000,0.263157061,0.124657061,69555680
772,10.0.12.2,10.0.15.2,49167,9015,46567,46529,0.138600000,0.267633366,0.129033366,69528376
774,10.0.12.2,10.0.16.2,49168,9016,46658,46349,0.138700000,0.345722246,0.207022246,69519016
776,10.0.12.2,10.0.17.2,49169,9017,46657,46349,0.138800000,0.345841043,0.207041043,69519016
778,10.0.12.2,10.0.18.2,49170,9018,46505,46349,0.138900000,1.234794459,1.095894459,69519016
780,10.0.12.2,10.0.19.2,49171,9019,46662,46349,0.139000000,0.346032206,0.207032206,69519016
782,10.0.12.2,10.0.20.2,49172,9020,46661,46349,0.139100000,0.346111589,0.207011589,69519016
784,10.0.12.2,10.0.21.2,49173,9021,46654,46349,0.139200000,0.347032027,0.207832027,69519016
786,10.0.12.2,10.0.22.2,49174,9022,46467,46351,0.139300000,1.239732926,1.100432926,69519120
788,10.0.12.2,10.0.23.2,49175,9023,46655,46349,0.139400000,0.346321195,0.206921195,69519016
790,10.0.12.2,10.0.24.2,49176,9024,46653,46349,0.139500000,0.347132270,0.207632270,69519016
791,10.0.12.2,10.0.25.2,49177,9025,46616,46349,0.139600000,0.346436961,0.206836961,69519016
793,10.0.12.2,10.0.26.2,49178,9026,46487,46349,0.139700000,0.354385645,0.214685645,69519016
795,10.0.12.2,10.0.27.2,49179,9027,46536,46349,0.139800000,0.347390638,0.207590638,69519016
797,10.0.12.2,10.0.28.2,49180,9028,46654,46349,0.139900000,0.347492352,0.207592352,69519016
799,10.0.12.2,10.0.29.2,49181,9029,46617,46349,0.140000000,0.346623121,0.206623121,69519016
801,10.0.12.2,10.0.30.2,49182,9030,46618,46349,0.140100000,0.346662310,0.206562310,69519016
803,10.0.12.2,10.0.31.2,49183,9031,46613,46349,0.140200000,0.347666254,0.207466254,69519016
805,10.0.13.2,10.0.0.2,49153,9000,46571,46507,0.140300000,0.273674896,0.133374896,69527232
808,10.0.13.2,10.0.1.2,49154,9001,46838,46774,0.140400000,0.273942107,0.133542107,69558492
810,10.0.13.2,10.0.2.2,49155,9002,46553,46489,0.140500000,0.273873351,0.133373351,69526296
812,10.0.13.2,10.0.3.2,49156,9003,56728,56728,0.140600000,0.274510210,0.133910210,70058724
814,10.0.13.2,10.0.4.2,49157,9004,46512,46448,0.140700000,0.274135590,0.133435590,69524164
816,10.0.13.2,10.0.5.2,49158,9005,46738,46674,0.140800000,0.274421530,0.133621530,69554404
818,10.0.13.2,10.0.6.2,49159,9006,47752,47688,0.140900000,0.270066449,0.129166449,69607132
820,10.0.13.2,10.0.7.2,49160,9007,46466,46402,0.141000000,0.274452435,0.133452435,69521772
822,10.0.13.2,10.0.8.2,49161,9008,46679,46615,0.141100000,0.274598145,0.133498145,69534272
824,10.0.13.2,10.0.9.2,49162,9009,46681,46617,0.141200000,0.274639745,0.133439745,69535688
826,10.0.13.2,10.0.10.2,49163,9010,56728,56728,0.141300000,0.274888644,0.133588644,70058724
828,10.0.13.2,10.0.11.2,49164,9011,56728,56728,0.141400000,0.274767214,0.133367214,70058724
830,10.0.13.2,10.0.12.2,49165,9012,46598,46534,0.141500000,0.274740051,0.133240051,69528636
832,10.0.13.2,10.0.14.2,49166,9014,48383,48319,0.141600000,0.262456861,0.120856861,69638760
834,10.0.13.2,10.0.15.2,49167,9015,47690,47626,0.141700000,0.268097205,0.126397205,69603396
836,10.0.13.2,10.0.16.2,49168,9016,46656,46349,0.141800000,0.347021303,0.205221303,69519016
838,10.0.13.2,10.0.17.2,49169,9017,46658,46349,0.141900000,0.347059085,0.205159085,69519016
840,10.0.13.2,10.0.18.2,49170,9018,46661,46349,0.142000000,0.356943399,0.214943399,69519016
842,10.0.13.2,10.0.19.2,49171,9019,46656,46349,0.142100000,0.347451642,0.205351642,69519016
844,10.0.13.2,10.0.20.2,49172,9020,46557,46349,0.142200000,0.358752898,0.216552898,69519016
845,10.0.13.2,10.0.21.2,49173,9021,46605,46349,0.142300000,0.347995900,0.205695900,69519016
848,10.0.13.2,10.0.22.2,49174,9022,46492,46349,0.142400000,0.349046452,0.206646452,69519016
850,10.0.13.2,10.0.23.2,49175,9023,46525,46349,0.142500000,0.350888953,0.208388953,69519016
852,10.0.13.2,10.0.24.2,49176,9024,46611,46349,0.142600000,0.347509284,0.204909284,69519016
854,10.0.13.2,10.0.25.2,49177,9025,46609,46349,0.142700000,0.347632724,0.204932724,69519016
856,10.0.13.2,10.0.26.2,49178,9026,46572,46349,0.142800000,0.353377441,0.210577441,69519016
857,10.0.13.2,10.0.27.2,49179,9027,46617,46349,0.142900000,0.347737779,0.204837779,69519016
859,10.0.13.2,10.0.28.2,49180,9028,46610,46349,0.143000000,0.347648503,0.204648503,69519016
861,10.0.13.2,10.0.29.2,49181,9029,46608,46349,0.143100000,0.347676007,0.204576007,69519016
863,10.0.13.2,10.0.30.2,49182,9030,46556,46349,0.143200000,0.357682929,0.214482929,69519016
865,10.0.13.2,10.0.31.2,49183,9031,46568,46349,0.143300000,0.347718520,0.204418520,69519016
866,10.0.14.2,10.0.0.2,49153,9000,46679,46615,0.143400000,0.277355886,0.133955886,69534272
869,10.0.14.2,10.0.1.2,49154,9001,46881,46817,0.143500000,0.277819607,0.134319607,69560728
871,10.0.14.2,10.0.2.2,49155,9002,46579,46515,0.143600000,0.278348997,0.134748997,69527648
874,10.0.14.2,10.0.3.2,49156,9003,46857,46793,0.143700000,0.278262405,0.134562405,69559480
876,10.0.14.2,10.0.4.2,49157,9004,46829,46765,0.143800000,0.278445928,0.134645928,69559136
878,10.0.14.2,10.0.5.2,49158,9005,47515,47453,0.143900000,0.276850145,0.132950145,69593128
880,10.0.14.2,10.0.6.2,49159,9006,46735,46671,0.144000000,0.278709645,0.134709645,69553136
882,10.0.14.2,10.0.7.2,49160,9007,46811,46683,0.144100000,0.278733764,0.134633764,69570976
884,10.0.14.2,10.0.8.2,49161,9008,46689,46625,0.144200000,0.278877688,0.134677688,69547688
886,10.0.14.2,10.0.9.2,49162,9009,46786,46658,0.144300000,0.278852691,0.134552691,69555196
888,10.0.14.2,10.0.10.2,49163,9010,46684,46620,0.144400000,0.278954839,0.134554839,69536004
890,10.0.14.2,10.0.11.2,49164,9011,46666,46602,0.144500000,0.278967018,0.134467018,69532172
892,10.0.14.2,10.0.12.2,49165,9012,46646,46582,0.144600000,0.278975779,0.134375779,69531132
894,10.0.14.2,10.0.13.2,49166,9013,46622,46558,0.144700000,0.278980896,0.134280896,69529884
896,10.0.14.2,10.0.15.2,49167,9015,48396,48332,0.144800000,0.265975366,0.121175366,69639508
898,10.0.14.2,10.0.16.2,49168,9016,46651,46349,0.144900000,0.348298226,0.203398226,69519016
900,10.0.14.2,10.0.17.2,49169,9017,46607,46349,0.145000000,0.348324887,0.203324887,69519016
902,10.0.14.2,10.0.18.2,49170,9018,46641,46349,0.145100000,0.348925948,0.203825948,69519016
904,10.0.14.2,10.0.19.2,49171,9019,46484,46349,0.145200000,0.352268176,0.207068176,69519016
906,10.0.14.2,10.0.20.2,49172,9020,46655,46349,0.145300000,0.348699183,0.203399183,69519016
908,10.0.14.2,10.0.21.2,49173,9021,46608,46349,0.145400000,0.348534315,0.203134315,69519016
910,10.0.14.2,10.0.22.2,49174,9022,46611,46349,0.145500000,0.348587467,0.203087467,69519016
912,10.0.14.2,10.0.23.2,49175,9023,46446,46349,0.145600000,0.393522951,0.247922951,69519016
913,10.0.14.2,10.0.24.2,49176,9024,46415,46349,0.145700000,0.357607536,0.211907536,69519016
914,10.0.14.2,10.0.25.2,49177,9025,46613,46349,0.145800000,0.348703796,0.202903796,69519016
916,10.0.14.2,10.0.26.2,49178,9026,46612,46349,0.145900000,0.348650224,0.202750224,69519016
918,10.0.14.2,10.0.27.2,49179,9027,46610,46349,0.146000000,0.348730752,0.202730752,69519016
922,10.0.14.2,10.0.28.2,49180,9028,46609,46349,0.146100000,0.348740780,0.202640780,69519016
923,10.0.14.2,10.0.29.2,49181,9029,46611,46349,0.146200000,0.348755117,0.202555117,69519016
925,10.0.14.2,10.0.30.2,49182,9030,46564,46349,0.146300000,0.349022348,0.202722348,69519016
927,10.0.14.2,10.0.31.2,49183,9031,46570,46349,0.146400000,0.348751908,0.202351908,69519016
929,10.0.15.2,10.0.0.2,49153,9000,46748,46684,0.146500000,0.272691059,0.126191059,69553812
932,10.0.15.2,10.0.1.2,49154,9001,46960,46896,0.146600000,0.273299175,0.126699175,69564764
934,10.0.15.2,10.0.2.2,49155,9002,46648,46584,0.146700000,0.273281098,0.126581098,69531236
936,10.0.15.2,10.0.3.2,49156,9003,46923,46859,0.146800000,0.273670862,0.126870862,69563776
938,10.0.15.2,10.0.4.2,49157,9004,48195,48131,0.146900000,0.266559108,0.119659108,69629656
940,10.0.15.2,10.0.5.2,49158,9005,56728,56728,0.147000000,0.274426070,0.127426070,70058724
942,10.0.15.2,10.0.6.2,49159,9006,46785,46721,0.147100000,0.274219893,0.127119893,69555736
944,10.0.15.2,10.0.7.2,49160,9007,46481,46417,0.147200000,0.274255174,0.127055174,69522552
946,10.0.15.2,10.0.8.2,49161,9008,46467,46403,0.147300000,0.274388218,0.127088218,69521824
948,10.0.15.2,10.0.9.2,49162,9009,46692,46628,0.147400000,0.274519287,0.127119287,69550564
950,10.0.15.2,10.0.10.2,49163,9010,56728,56728,0.147500000,0.274868540,0.127368540,70058724
952,10.0.15.2,10.0.11.2,49164,9011,56728,56728,0.147600000,0.274772255,0.127172255,70058724
954,10.0.15.2,10.0.12.2,49165,9012,56728,56728,0.147700000,0.274781015,0.127081015,70058724
956,10.0.15.2,10.0.13.2,49166,9013,56728,56728,0.147800000,0.274792932,0.126992932,70058724
958,10.0.15.2,10.0.14.2,49167,9014,47403,47339,0.147900000,0.272789586,0.124889586,69588984
960,10.0.15.2,10.0.16.2,49168,9016,46651,46349,0.148000000,0.349014446,0.201014446,69519016
962,10.0.15.2,10.0.17.2,49169,9017,56697,56696,0.148100000,3.153733932,3.005633932,70057060
963,10.0.15.2,10.0.18.2,49170,9018,46491,46349,0.148200000,0.359007448,0.210807448,69519016
965,10.0.15.2,10.0.19.2,49171,9019,46653,46349,0.148300000,0.349092529,0.200792529,69519016
967,10.0.15.2,10.0.20.2,49172,9020,46510,46349,0.148400000,0.356333903,0.207933903,69519016
969,10.0.15.2,10.0.21.2,49173,9021,46568,46349,0.148500000,0.359842193,0.211342193,69519016
970,10.0.15.2,10.0.22.2,49174,9022,46481,46350,0.148600000,1.293893716,1.145293716,69519068
972,10.0.15.2,10.0.23.2,49175,9023,46655,46349,0.148700000,0.349215082,0.200515082,69519016
974,10.0.15.2,10.0.24.2,49176,9024,46609,46349,0.148800000,0.349228382,0.200428382,69519016
977,10.0.15.2,10.0.25.2,49177,9025,46625,46349,0.148900000,0.358870186,0.209970186,69519016
979,10.0.15.2,10.0.26.2,49178,9026,46611,46349,0.149000000,0.349259154,0.200259154,69519016
981,10.0.15.2,10.0.27.2,49179,9027,46610,46349,0.149100000,0.349279633,0.200179633,69519016
983,10.0.15.2,10.0.28.2,49180,9028,46610,46349,0.149200000,0.349305405,0.200105405,69519016
985,10.0.15.2,10.0.29.2,49181,9029,46599,46349,0.149300000,0.349541818,0.200241818,69519016
986,10.0.15.2,10.0.30.2,49182,9030,46553,46349,0.149400000,0.359090227,0.209690227,69519016
988,10.0.15.2,10.0.31.2,49183,9031,46569,46349,0.149500000,0.349308749,0.199808749,69519016
989,10.0.16.2,10.0.0.2,49153,9000,46910,46349,0.149600000,1.263339921,1.113739921,69519016
993,10.0.16.2,10.0.1.2,49154,9001,46675,46350,0.149700000,1.259072137,1.109372137,69519068
995,10.0.16.2,10.0.2.2,49155,9002,46753,46349,0.149800000,0.408472808,0.258672808,69519016
997,10.0.16.2,10.0.3.2,49156,9003,46657,46402,0.149900000,1.262045036,1.112145036,69521772
999,10.0.16.2,10.0.4.2,49157,9004,46444,46349,0.150000000,0.422066395,0.272066395,69519016
1001,10.0.16.2,10.0.5.2,49158,9005,46606,46350,0.150100000,1.263095976,1.112995976,69519068
1003,10.0.16.2,10.0.6.2,49159,9006,46729,46349,0.150200000,0.369273014,0.219073014,69519016
1005,10.0.16.2,10.0.7.2,49160,9007,46675,46350,0.150300000,1.242686607,1.092386607,69519068
1007,10.0.16.2,10.0.8.2,49161,9008,46606,46350,0.150400000,1.247753442,1.097353442,69519068
1009,10.0.16.2,10.0.9.2,49162,9009,46605,46349,0.150500000,1.248046510,1.097546510,69519016
1011,10.0.16.2,10.0.10.2,49163,9010,46670,46350,0.150600000,1.247343789,1.096743789,69519068
1013,10.0.16.2,10.0.11.2,49164,9011,46606,46350,0.150700000,1.247798859,1.097098859,69519068
1015,10.0.16.2,10.0.12.2,49165,9012,46721,46403,0.150800000,1.245084422,1.094284422,69521824
1017,10.0.16.2,10.0.13.2,49166,9013,46954,46349,0.150900000,1.260968132,1.110068132,69519016
1019,10.0.16.2,10.0.14.2,49167,9014,46787,46388,0.151000000,1.283227892,1.132227892,69521044
1021,10.0.16.2,10.0.15.2,49168,9015,46572,46350,0.151100000,1.244216402,1.093116402,69519068
1023,10.0.16.2,10.0.17.2,49169,9017,47377,47211,0.151200000,0.259169578,0.107969578,69607808
1025,10.0.16.2,10.0.18.2,49170,9018,56728,56728,0.151300000,0.243279070,0.091979070,70058724
1027,10.0.16.2,10.0.19.2,49171,9019,56728,56728,0.151400000,0.244784327,0.093384327,70058724
1029,10.0.16.2,10.0.20.2,49172,9020,46375,46349,0.151500000,0.272412777,0.120912777,69519016
1031,10.0.16.2,10.0.21.2,49173,9021,46964,46900,0.151600000,0.262571897,0.110971897,69565644
1033,10.0.16.2,10.0.22.2,49174,9022,46918,46854,0.151700000,0.245901442,0.094201442,69562916
1035,10.0.16.2,10.0.23.2,49175,9023,56728,56728,0.151800000,0.246524029,0.094724029,70058724
1037,10.0.16.2,10.0.24.2,49176,9024,47488,47424,0.151900000,0.250808226,0.098908226,69592292
1039,10.0.16.2,10.0.25.2,49177,9025,46791,46731,0.152000000,0.256426585,0.104426585,69555920
1041,10.0.16.2,10.0.26.2,49178,9026,56728,56728,0.152100000,0.244869012,0.092769012,70058724
1043,10.0.16.2,10.0.27.2,49179,9027,56728,56728,0.152200000,0.259909355,0.107709355,70058724
1045,10.0.16.2,10.0.28.2,49180,9028,46763,46699,0.152300000,0.260663421,0.108363421,69554592
1047,10.0.16.2,10.0.29.2,49181,9029,46481,46417,0.152400000,0.252144145,0.099744145,69522552
1049,10.0.16.2,10.0.30.2,49182,9030,46474,46410,0.152500000,0.262070190,0.109570190,69522188
1050,10.0.16.2,10.0.31.2,49183,9031,46482,46418,0.152600000,0.264540976,0.111940976,69522604
1052,10.0.17.2,10.0.0.2,49153,9000,46478,46350,0.152700000,1.261651618,1.108951618,69519068
1055,10.0.17.2,10.0.1.2,49154,9001,46744,46350,0.152800000,1.342088976,1.189288976,69519068
1057,10.0.17.2,10.0.2.2,49155,9002,46478,46350,0.152900000,1.251809389,1.098909389,69519068
1059,10.0.17.2,10.0.3.2,49156,9003,46810,46350,0.153000000,1.265953615,1.112953615,69519068
1061,10.0.17.2,10.0.4.2,49157,9004,46522,46349,0.153100000,0.402089375,0.248989375,69519016
1063,10.0.17.2,10.0.5.2,49158,9005,46478,46350,0.153200000,1.251659904,1.098459904,69519068
1065,10.0.17.2,10.0.6.2,49159,9006,46479,46351,0.153300000,1.250198783,1.096898783,69519120
1067,10.0.17.2,10.0.7.2,49160,9007,46543,46351,0.153400000,1.248010663,1.094610663,69519120
1069,10.0.17.2,10.0.8.2,49161,9008,46350,46350,0.153500000,1.361052297,1.207552297,69520516
1071,10.0.17.2,10.0.9.2,49162,9009,46542,46350,0.153600000,1.248133899,1.094533899,69519068
1073,10.0.17.2,10.0.10.2,49163,9010,46559,46349,0.153700000,1.249765006,1.096065006,69519016
1075,10.0.17.2,10.0.11.2,49164,9011,46786,46402,0.153800000,1.255629166,1.101829166,69521772
1077,10.0.17.2,10.0.12.2,49165,9012,46556,46350,0.153900000,1.246992185,1.093092185,69519068
1079,10.0.17.2,10.0.13.2,49166,9013,46542,46350,0.154000000,1.249615849,1.095615849,69519068
1081,10.0.17.2,10.0.14.2,49167,9014,46543,46351,0.154100000,1.249305946,1.095205946,69519120
1083,10.0.17.2,10.0.15.2,49168,9015,46498,46350,0.154200000,1.253595428,1.099395428,69519068
1085,10.0.17.2,10.0.16.2,49169,9016,46612,46548,0.154300000,0.260712626,0.106412626,69529364
1087,10.0.17.2,10.0.18.2,49170,9018,48295,48231,0.154400000,0.243292647,0.088892647,69634256
1089,10.0.17.2,10.0.19.2,49171,9019,47090,47026,0.154500000,0.246951547,0.092451547,69571596
1091,10.0.17.2,10.0.20.2,49172,9020,47124,47060,0.154600000,0.247968841,0.093368841,69573964
1093,10.0.17.2,10.0.21.2,49173,9021,46695,46631,0.154700000,0.265705882,0.111005882,69551056
1095,10.0.17.2,10.0.22.2,49174,9022,46882,46818,0.154800000,0.248456735,0.093656735,69560780
1097,10.0.17.2,10.0.23.2,49175,9023,46849,46785,0.154900000,0.248749365,0.093849365,69559064
1099,10.0.17.2,10.0.24.2,49176,9024,46811,46747,0.155000000,0.254546526,0.099546526,69557088
1101,10.0.17.2,10.0.25.2,49177,9025,46780,46716,0.155100000,0.259011098,0.103911098,69556588
1103,10.0.17.2,10.0.26.2,49178,9026,46460,46399,0.155200000,0.250822647,0.095622647,69521616
1105,10.0.17.2,10.0.27.2,49179,9027,46737,46673,0.155300000,0.262384302,0.107084302,69553240
1107,10.0.17.2,10.0.28.2,49180,9028,56728,56728,0.155400000,0.263733589,0.108333589,70058724
1109,10.0.17.2,10.0.29.2,49181,9029,46699,46635,0.155500000,0.254816482,0.099316482,69551264
1111,10.0.17.2,10.0.30.2,49182,9030,46466,46402,0.155600000,0.264845962,0.109245962,69521772
1113,10.0.17.2,10.0.31.2,49183,9031,46466,46402,0.155700000,0.267843723,0.112143723,69521772
1114,10.0.18.2,10.0.0.2,49153,9000,47014,46349,0.155800000,1.256741913,1.100941913,69519016
1117,10.0.18.2,10.0.1.2,49154,9001,46718,46402,0.155900000,1.255304026,1.099404026,69521772
1119,10.0.18.2,10.0.2.2,49155,9002,46685,46349,0.156000000,0.424274418,0.268274418,69519016
1121,10.0.18.2,10.0.3.2,49156,9003,46913,46349,0.156100000,0.363854055,0.207754055,69519016
1123,10.0.18.2,10.0.4.2,49157,9004,46632,46349,0.156200000,0.420525155,0.264325155,69519016
1125,10.0.18.2,10.0.5.2,49158,9005,46941,46349,0.156300000,0.408072046,0.251772046,69519016
1127,10.0.18.2,10.0.6.2,49159,9006,46865,46349,0.156400000,0.364531107,0.208131107,69519016
1129,10.0.18.2,10.0.7.2,49160,9007,46541,46349,0.156500000,1.256855802,1.100355802,69519016
1131,10.0.18.2,10.0.8.2,49161,9008,46866,46349,0.156600000,0.364999226,0.208399226,69519016
1133,10.0.18.2,10.0.9.2,49162,9009,46581,46350,0.156700000,1.257265573,1.100565573,69519068
1135,10.0.18.2,10.0.10.2,49163,9010,46654,46402,0.156800000,1.256384601,1.099584601,69521772
1137,10.0.18.2,10.0.11.2,49164,9011,46655,46402,0.156900000,1.256448051,1.099548051,69521772
1139,10.0.18.2,10.0.12.2,49165,9012,46865,46349,0.157000000,0.366082296,0.209082296,69519016
1141,10.0.18.2,10.0.13.2,49166,9013,46762,46350,0.157100000,0.371649859,0.214549859,69520516
1143,10.0.18.2,10.0.14.2,49167,9014,46859,46349,0.157200000,0.366525488,0.209325488,69519016
1145,10.0.18.2,10.0.15.2,49168,9015,46869,46349,0.157300000,0.366718707,0.209418707,69519016
1147,10.0.18.2,10.0.16.2,49169,9016,46518,46454,0.157400000,0.279656699,0.122256699,69524476
1149,10.0.18.2,10.0.17.2,49170,9017,56728,56728,0.157500000,0.279788491,0.122288491,70058724
1151,10.0.18.2,10.0.19.2,49171,9019,47163,47099,0.157600000,0.274187771,0.116587771,69575480
1153,10.0.18.2,10.0.20.2,49172,9020,46663,46607,0.157700000,0.278783788,0.121083788,69532432
1155,10.0.18.2,10.0.21.2,49173,9021,46840,46776,0.157800000,0.278541675,0.120741675,69558596
1157,10.0.18.2,10.0.22.2,49174,9022,46510,46446,0.157900000,0.278721750,0.120821750,69524060
1159,10.0.18.2,10.0.23.2,49175,9023,46707,46643,0.158000000,0.279132937,0.121132937,69551680
1161,10.0.18.2,10.0.24.2,49176,9024,46685,46621,0.158100000,0.279275517,0.121175517,69536072
1163,10.0.18.2,10.0.25.2,49177,9025,46658,46594,0.158200000,0.279418182,0.121218182,69531756
1165,10.0.18.2,10.0.26.2,49178,9026,46635,46571,0.158300000,0.279465163,0.121165163,69530560
1167,10.0.18.2,10.0.27.2,49179,9027,46577,46517,0.158400000,0.279667174,0.121267174,69527752
1169,10.0.18.2,10.0.28.2,49180,9028,56728,56728,0.158500000,0.279709313,0.121209313,70058724
1171,10.0.18.2,10.0.29.2,49181,9029,46608,46544,0.158600000,0.279590426,0.120990426,69529156
1173,10.0.18.2,10.0.30.2,49182,9030,46566,46502,0.158700000,0.279649714,0.120949714,69526972
1175,10.0.18.2,10.0.31.2,49183,9031,46934,46870,0.158800000,0.279479222,0.120679222,69564084
1176,10.0.19.2,10.0.0.2,49153,9000,46671,46351,0.158900000,1.252044684,1.093144684,69519120
1179,10.0.19.2,10.0.1.2,49154,9001,46543,46351,0.159000000,1.254595241,1.095595241,69519120
1181,10.0.19.2,10.0.2.2,49155,9002,46542,46350,0.159100000,1.257943811,1.098843811,69519068
1183,10.0.19.2,10.0.3.2,49156,9003,46541,46349,0.159200000,1.254563020,1.095363020,69519016
1185,10.0.19.2,10.0.4.2,49157,9004,46542,46350,0.159300000,1.258116498,1.098816498,69519068
1187,10.0.19.2,10.0.5.2,49158,9005,46721,46349,0.159400000,1.270031230,1.110631230,69519016
1189,10.0.19.2,10.0.6.2,49159,9006,46612,46350,0.159500000,1.270189451,1.110689451,69519068
1191,10.0.19.2,10.0.7.2,49160,9007,46659,46350,0.159600000,1.268909508,1.109309508,69519068
1193,10.0.19.2,10.0.8.2,49161,9008,46575,46350,0.159700000,1.258940048,1.099240048,69519068
1195,10.0.19.2,10.0.9.2,49162,9009,46542,46350,0.159800000,1.252339288,1.092539288,69519068
1197,10.0.19.2,10.0.10.2,49163,9010,46627,46351,0.159900000,1.248093284,1.088193284,69519120
1199,10.0.19.2,10.0.11.2,49164,9011,46477,46349,0.160000000,1.253483763,1.093483763,69519016
1201,10.0.19.2,10.0.12.2,49165,9012,46708,46349,0.160100000,1.266509828,1.106409828,69519016
1203,10.0.19.2,10.0.13.2,49166,9013,46542,46350,0.160200000,1.252749873,1.092549873,69519068
1205,10.0.19.2,10.0.14.2,49167,9014,46540,46349,0.160300000,1.252700038,1.092400038,69519016
1207,10.0.19.2,10.0.15.2,49168,9015,46567,46350,0.160400000,1.269830746,1.109430746,69519068
1209,10.0.19.2,10.0.16.2,49169,9016,56728,56728,0.160500000,0.261969880,0.101469880,70058724
1211,10.0.19.2,10.0.17.2,49170,9017,56728,56728,0.160600000,0.264120108,0.103520108,70058724
1213,10.0.19.2,10.0.18.2,49171,9018,56696,56696,0.160700000,0.284845488,0.124145488,70057060
1215,10.0.19.2,10.0.20.2,49172,9020,47233,47169,0.160800000,0.237887479,0.077087479,69579032
1217,10.0.19.2,10.0.21.2,49173,9021,46903,46839,0.160900000,0.266400197,0.105500197,69561872
1219,10.0.19.2,10.0.22.2,49174,9022,46728,46664,0.161000000,0.247794953,0.086794953,69553884
1221,10.0.19.2,10.0.23.2,49175,9023,56696,56696,0.161100000,0.248255995,0.087155995,70057060
1223,10.0.19.2,10.0.24.2,49176,9024,56728,56728,0.161200000,0.254971665,0.093771665,70058724
1225,10.0.19.2,10.0.25.2,49177,9025,56728,56728,0.161300000,0.259607426,0.098307426,70058724
1227,10.0.19.2,10.0.26.2,49178,9026,56728,56728,0.161400000,0.236621421,0.075221421,70058724
1229,10.0.19.2,10.0.27.2,49179,9027,56728,56728,0.161500000,0.263044897,0.101544897,70058724
1231,10.0.19.2,10.0.28.2,49180,9028,56728,56728,0.161600000,0.264445311,0.102845311,70058724
1233,10.0.19.2,10.0.29.2,49181,9029,56728,56728,0.161700000,0.256622830,0.094922830,70058724
1235,10.0.19.2,10.0.30.2,49182,9030,56728,56728,0.161800000,0.265675884,0.103875884,70058724
1237,10.0.19.2,10.0.31.2,49183,9031,46838,46774,0.161900000,0.268557218,0.106657218,69558332
1239,10.0.20.2,10.0.0.2,49153,9000,46719,46349,0.162000000,0.386191205,0.224191205,69519016
1241,10.0.20.2,10.0.1.2,49154,9001,46909,46349,0.162100000,0.409358395,0.247258395,69519016
1243,10.0.20.2,10.0.2.2,49155,9002,46478,46350,0.162200000,1.249876131,1.087676131,69519068
1245,10.0.20.2,10.0.3.2,49156,9003,46814,46349,0.162300000,0.373315799,0.211015799,69519016
1247,10.0.20.2,10.0.4.2,49157,9004,46449,46349,0.162400000,1.249538026,1.087138026,69519016
1249,10.0.20.2,10.0.5.2,49158,9005,46680,46349,0.162500000,1.266784764,1.104284764,69519016
1251,10.0.20.2,10.0.6.2,49159,9006,46816,46349,0.162600000,0.373387913,0.210787913,69519016
1253,10.0.20.2,10.0.7.2,49160,9007,46684,46349,0.162700000,1.267229151,1.104529151,69519016
1255,10.0.20.2,10.0.8.2,49161,9008,46670,46350,0.162800000,1.249167853,1.086367853,69519068
1257,10.0.20.2,10.0.9.2,49162,9009,46616,46350,0.162900000,1.246878454,1.083978454,69519068
1259,10.0.20.2,10.0.10.2,49163,9010,46818,46349,0.163000000,0.374134229,0.211134229,69519016
1261,10.0.20.2,10.0.11.2,49164,9011,46847,46349,0.163100000,0.372117603,0.209017603,69519016
1263,10.0.20.2,10.0.12.2,49165,9012,46622,46349,0.163200000,1.268677187,1.105477187,69519016
1265,10.0.20.2,10.0.13.2,49166,9013,46806,46349,0.163300000,0.372614219,0.209314219,69519016
1267,10.0.20.2,10.0.14.2,49167,9014,46612,46349,0.163400000,0.422145563,0.258745563,69519016
1269,10.0.20.2,10.0.15.2,49168,9015,46582,46349,0.163500000,0.422873115,0.259373115,69519016
1271,10.0.20.2,10.0.16.2,49169,9016,56728,56728,0.163600000,0.276518067,0.112918067,70058724
1273,10.0.20.2,10.0.17.2,49170,9017,56728,56728,0.163700000,0.276540942,0.112840942,70058724
1275,10.0.20.2,10.0.18.2,49171,9018,46838,46774,0.163800000,0.275433684,0.111633684,69558332
1277,10.0.20.2,10.0.19.2,49172,9019,46790,46726,0.163900000,0.275496014,0.111596014,69555836
1279,10.0.20.2,10.0.21.2,49173,9021,56728,56728,0.164000000,0.272680649,0.108680649,70058724
1281,10.0.20.2,10.0.22.2,49174,9022,46811,46747,0.164100000,0.275124040,0.111024040,69557088
1283,10.0.20.2,10.0.23.2,49175,9023,46701,46637,0.164200000,0.275715249,0.111515249,69551208
1285,10.0.20.2,10.0.24.2,49176,9024,46645,46581,0.164300000,0.275994272,0.111694272,69531080
1287,10.0.20.2,10.0.25.2,49177,9025,46641,46577,0.164400000,0.276074564,0.111674564,69530872
1289,10.0.20.2,10.0.26.2,49178,9026,46575,46511,0.164500000,0.276234046,0.111734046,69527440
1291,10.0.20.2,10.0.27.2,49179,9027,46559,46495,0.164600000,0.276322806,0.111722806,69526608
1293,10.0.20.2,10.0.28.2,49180,9028,56696,56696,0.164700000,0.276499024,0.111799024,70057060
1295,10.0.20.2,10.0.29.2,49181,9029,46509,46445,0.164800000,0.276404161,0.111604161,69524008
1297,10.0.20.2,10.0.30.2,49182,9030,46955,46891,0.164900000,0.276153954,0.111253954,69565176
1299,10.0.20.2,10.0.31.2,49183,9031,56696,56696,0.165000000,0.276532619,0.111532619,70057060
1301,10.0.21.2,10.0.0.2,49153,9000,46633,46349,0.165100000,0.423361567,0.258261567,69519016
1303,10.0.21.2,10.0.1.2,49154,9001,46599,46349,0.165200000,1.267076367,1.101876367,69519016
1305,10.0.21.2,10.0.2.2,49155,9002,46734,46349,0.165300000,0.386460972,0.221160972,69519016
1307,10.0.21.2,10.0.3.2,49156,9003,46808,46349,0.165400000,0.372835341,0.207435341,69519016
1309,10.0.21.2,10.0.4.2,49157,9004,46800,46349,0.165500000,0.373025848,0.207525848,69519016
1311,10.0.21.2,10.0.5.2,49158,9005,46874,46349,0.165600000,0.403472205,0.237872205,69519016
1313,10.0.21.2,10.0.6.2,49159,9006,46618,46350,0.165700000,1.264428865,1.098728865,69519068
1315,10.0.21.2,10.0.7.2,49160,9007,46508,46349,0.165800000,0.409507766,0.243707766,69519016
1317,10.0.21.2,10.0.8.2,49161,9008,46646,46349,0.165900000,1.270082473,1.104182473,69519016
1319,10.0.21.2,10.0.9.2,49162,9009,46768,46349,0.166000000,0.376659714,0.210659714,69519016
1321,10.0.21.2,10.0.10.2,49163,9010,46793,46349,0.166100000,0.374609863,0.208509863,69519016
1323,10.0.21.2,10.0.11.2,49164,9011,46756,46349,0.166200000,0.377373840,0.211173840,69519016
1325,10.0.21.2,10.0.12.2,49165,9012,46825,46349,0.166300000,0.387630640,0.221330640,69519016
1327,10.0.21.2,10.0.13.2,49166,9013,46749,46349,0.166400000,0.375332571,0.208932571,69519016
1329,10.0.21.2,10.0.14.2,49167,9014,46481,46349,0.166500000,1.269756163,1.103256163,69519016
1331,10.0.21.2,10.0.15.2,49168,9015,46791,46349,0.166600000,0.375965678,0.209365678,69519016
1333,10.0.21.2,10.0.16.2,49169,9016,46670,46606,0.166700000,0.290997450,0.124297450,69532380
1335,10.0.21.2,10.0.17.2,49170,9017,54294,54230,0.166800000,0.289450449,0.122650449,69946980
1337,10.0.21.2,10.0.18.2,49171,9018,47007,46943,0.166900000,0.289305824,0.122405824,69566520
1339,10.0.21.2,10.0.19.2,49172,9019,46589,46525,0.167000000,0.291093985,0.124093985,69528168
1341,10.0.21.2,10.0.20.2,49173,9020,46462,46400,0.167100000,0.291766865,0.124666865,69521668
1343,10.0.21.2,10.0.22.2,49174,9022,47453,47389,0.167200000,0.283970448,0.116770448,69591072
1345,10.0.21.2,10.0.23.2,49175,9023,46807,46743,0.167300000,0.288494756,0.121194756,69556880
1347,10.0.21.2,10.0.24.2,49176,9024,56728,56728,0.167400000,0.290239987,0.122839987,70058724
1349,10.0.21.2,10.0.25.2,49177,9025,56696,56696,0.167500000,0.290501906,0.123001906,70057060
1351,10.0.21.2,10.0.26.2,49178,9026,46496,46432,0.167600000,0.290458129,0.122858129,69523332
1353,10.0.21.2,10.0.27.2,49179,9027,56728,56728,0.167700000,0.290974218,0.123274218,70058724
1355,10.0.21.2,10.0.28.2,49180,9028,53665,53601,0.167800000,0.290991704,0.123191704,69913496
1357,10.0.21.2,10.0.29.2,49181,9029,57032,57032,0.167900000,0.290325815,0.122425815,70074532
1359,10.0.21.2,10.0.30.2,49182,9030,53619,53555,0.168000000,0.291123911,0.123123911,69913152
1361,10.0.21.2,10.0.31.2,49183,9031,56728,56728,0.168100000,0.291166626,0.123066626,70058724
1363,10.0.22.2,10.0.0.2,49153,9000,46810,46349,0.168200000,0.376030968,0.207830968,69519016
1365,10.0.22.2,10.0.1.2,49154,9001,46805,46349,0.168300000,0.376578782,0.208278782,69519016
1367,10.0.22.2,10.0.2.2,49155,9002,46809,46349,0.168400000,0.377046546,0.208646546,69519016
1369,10.0.22.2,10.0.3.2,49156,9003,46807,46349,0.168500000,0.377342622,0.208842622,69519016
1371,10.0.22.2,10.0.4.2,49157,9004,46799,46349,0.168600000,0.377514729,0.208914729,69519016
1373,10.0.22.2,10.0.5.2,49158,9005,46797,46349,0.168700000,0.378201861,0.209501861,69519016
1375,10.0.22.2,10.0.6.2,49159,9006,46542,46350,0.168800000,1.253555102,1.084755102,69519068
1377,10.0.22.2,10.0.7.2,49160,9007,46542,46350,0.168900000,1.253603739,1.084703739,69519068
1379,10.0.22.2,10.0.8.2,49161,9008,46677,46349,0.169000000,0.379115961,0.210115961,69519016
1381,10.0.22.2,10.0.9.2,49162,9009,46750,46349,0.169100000,0.423412530,0.254312530,69519016
1383,10.0.22.2,10.0.10.2,49163,9010,46794,46349,0.169200000,0.378788839,0.209588839,69519016
1385,10.0.22.2,10.0.11.2,49164,9011,46576,46349,0.169300000,0.421349221,0.252049221,69519016
1387,10.0.22.2,10.0.12.2,49165,9012,46800,46349,0.169400000,0.412219101,0.242819101,69519016
1389,10.0.22.2,10.0.13.2,49166,9013,46784,46349,0.169500000,0.412851106,0.243351106,69519016
1391,10.0.22.2,10.0.14.2,49167,9014,46478,46350,0.169600000,1.259753467,1.090153467,69519068
1393,10.0.22.2,10.0.15.2,49168,9015,46478,46350,0.169700000,1.260410418,1.090710418,69519068
1395,10.0.22.2,10.0.16.2,49169,9016,47284,47220,0.169800000,0.288959144,0.119159144,69582796
1397,10.0.22.2,10.0.17.2,49170,9017,47258,47194,0.169900000,0.289127286,0.119227286,69580260
1399,10.0.22.2,10.0.18.2,49171,9018,46542,46478,0.170000000,0.290835329,0.120835329,69525724
1401,10.0.22.2,10.0.19.2,49172,9019,46520,46456,0.170100000,0.290843427,0.120743427,69524580
1403,10.0.22.2,10.0.20.2,49173,9020,46503,46439,0.170200000,0.290855360,0.120655360,69523696
1405,10.0.22.2,10.0.21.2,49174,9021,46520,46456,0.170300000,0.290923215,0.120623215,69524580
1407,10.0.22.2,10.0.23.2,49175,9023,46753,46689,0.170400000,0.287975687,0.117575687,69554072
1409,10.0.22.2,10.0.24.2,49176,9024,46804,46740,0.170500000,0.289856047,0.119356047,69556564
1411,10.0.22.2,10.0.25.2,49177,9025,46702,46642,0.170600000,0.290548535,0.119948535,69550356
1413,10.0.22.2,10.0.26.2,49178,9026,46466,46402,0.170700000,0.290179865,0.119479865,69521772
1415,10.0.22.2,10.0.27.2,49179,9027,46677,46613,0.170800000,0.290554891,0.119754891,69532744
1417,10.0.22.2,10.0.28.2,49180,9028,47132,47068,0.170900000,0.289938134,0.119038134,69573708
1419,10.0.22.2,10.0.29.2,49181,9029,56728,56728,0.171000000,0.290862798,0.119862798,70058724
1421,10.0.22.2,10.0.30.2,49182,9030,56728,56728,0.171100000,0.290888735,0.119788735,70058724
1423,10.0.22.2,10.0.31.2,49183,9031,56728,56728,0.171200000,0.290904022,0.119704022,70058724
1425,10.0.23.2,10.0.0.2,49153,9000,46790,46349,0.171300000,0.378742232,0.207442232,69519016
1427,10.0.23.2,10.0.1.2,49154,9001,46549,46350,0.171400000,1.260330566,1.088930566,69519068
1429,10.0.23.2,10.0.2.2,49155,9002,46576,46349,0.171500000,0.422465238,0.250965238,69519016
1431,10.0.23.2,10.0.3.2,49156,9003,46783,46349,0.171600000,0.391285084,0.219685084,69519016
1433,10.0.23.2,10.0.4.2,49157,9004,46792,46349,0.171700000,0.380211635,0.208511635,69519016
1435,10.0.23.2,10.0.5.2,49158,9005,46808,46349,0.171800000,0.376370238,0.204570238,69519016
1437,10.0.23.2,10.0.6.2,49159,9006,46915,46349,0.171900000,0.380793627,0.208893627,69519016
1439,10.0.23.2,10.0.7.2,49160,9007,46645,46349,0.172000000,0.392532158,0.220532158,69519016
1441,10.0.23.2,10.0.8.2,49161,9008,46479,46351,0.172100000,1.260660411,1.088560411,69519120
1443,10.0.23.2,10.0.9.2,49162,9009,46474,46350,0.172200000,1.260733233,1.088533233,69519068
1445,10.0.23.2,10.0.10.2,49163,9010,46473,46350,0.172300000,1.261044725,1.088744725,69519068
1447,10.0.23.2,10.0.11.2,49164,9011,46842,46349,0.172400000,0.412817266,0.240417266,69519016
1449,10.0.23.2,10.0.12.2,49165,9012,46474,46350,0.172500000,1.260929652,1.088429652,69519068
1451,10.0.23.2,10.0.13.2,49166,9013,46444,46349,0.172600000,1.270018231,1.097418231,69519016
1453,10.0.23.2,10.0.14.2,49167,9014,46474,46351,0.172700000,1.261048004,1.088348004,69519120
1455,10.0.23.2,10.0.15.2,49168,9015,46869,46349,0.172800000,0.415046290,0.242246290,69519016
1457,10.0.23.2,10.0.16.2,49169,9016,54164,54100,0.172900000,0.286153026,0.113253026,69940044
1459,10.0.23.2,10.0.17.2,49170,9017,53969,53905,0.173000000,0.286602036,0.113602036,69929904
1461,10.0.23.2,10.0.18.2,49171,9018,46516,46452,0.173100000,0.286494405,0.113394405,69524372
1463,10.0.23.2,10.0.19.2,49172,9019,46488,46424,0.173200000,0.286542666,0.113342666,69522916
1465,10.0.23.2,10.0.20.2,49173,9020,51397,51333,0.173300000,0.286638782,0.113338782,69795560
1467,10.0.23.2,10.0.21.2,49174,9021,56728,56728,0.173400000,0.286715845,0.113315845,70058724
1469,10.0.23.2,10.0.22.2,49175,9022,51365,51301,0.173500000,0.286701414,0.113201414,69793824
1471,10.0.23.2,10.0.24.2,49176,9024,56728,56728,0.173600000,0.282534129,0.108934129,70058724
1473,10.0.23.2,10.0.25.2,49177,9025,56696,56696,0.173700000,0.284881244,0.111181244,70057060
1475,10.0.23.2,10.0.26.2,49178,9026,46776,46712,0.173800000,0.285190835,0.111390835,69556380
1477,10.0.23.2,10.0.27.2,49179,9027,54144,54080,0.173900000,0.286051378,0.112151378,69937820
1479,10.0.23.2,10.0.28.2,49180,9028,54094,54030,0.174000000,0.286279522,0.112279522,69937252
1481,10.0.23.2,10.0.29.2,49181,9029,56728,56728,0.174100000,0.286502698,0.112402698,70058724
1483,10.0.23.2,10.0.30.2,49182,9030,56728,56728,0.174200000,0.286598807,0.112398807,70058724
1485,10.0.23.2,10.0.31.2,49183,9031,56728,56728,0.174300000,0.286634381,0.112334381,70058724
1487,10.0.24.2,10.0.0.2,49153,9000,46809,46349,0.174400000,0.386168067,0.211768067,69519016
1489,10.0.24.2,10.0.1.2,49154,9001,46795,46349,0.174500000,0.385872661,0.211372661,69519016
1491,10.0.24.2,10.0.2.2,49155,9002,46443,46351,0.174600000,1.261426627,1.086826627,69519120
1493,10.0.24.2,10.0.3.2,49156,9003,46442,46350,0.174700000,1.261540638,1.086840638,69519068
1495,10.0.24.2,10.0.4.2,49157,9004,46686,46349,0.174800000,0.419903227,0.245103227,69519016
1497,10.0.24.2,10.0.5.2,49158,9005,46806,46349,0.174900000,0.384537272,0.209637272,69519016
1499,10.0.24.2,10.0.6.2,49159,9006,46749,46349,0.175000000,0.387190911,0.212190911,69519016
1501,10.0.24.2,10.0.7.2,49160,9007,46795,46349,0.175100000,0.384615565,0.209515565,69519016
1503,10.0.24.2,10.0.8.2,49161,9008,46770,46349,0.175200000,0.387054084,0.211854084,69519016
1505,10.0.24.2,10.0.9.2,49162,9009,46756,46349,0.175300000,0.387618245,0.212318245,69519016
1507,10.0.24.2,10.0.10.2,49163,9010,46750,46349,0.175400000,0.387436118,0.212036118,69519016
1509,10.0.24.2,10.0.11.2,49164,9011,46661,46349,0.175500000,0.394554270,0.219054270,69519016
1511,10.0.24.2,10.0.12.2,49165,9012,46800,46349,0.175600000,0.386027038,0.210427038,69519016
1513,10.0.24.2,10.0.13.2,49166,9013,46760,46349,0.175700000,0.417313479,0.241613479,69519016
1515,10.0.24.2,10.0.14.2,49167,9014,46516,46350,0.175800000,1.261235802,1.085435802,69519068
1517,10.0.24.2,10.0.15.2,49168,9015,46791,46349,0.175900000,0.385984852,0.210084852,69519016
1519,10.0.24.2,10.0.16.2,49169,9016,46757,46693,0.176000000,0.305047994,0.129047994,69554280
1521,10.0.24.2,10.0.17.2,49170,9017,46753,46689,0.176100000,0.305121615,0.129021615,69554072
1523,10.0.24.2,10.0.18.2,49171,9018,46466,46402,0.176200000,0.305047082,0.128847082,69521772
1525,10.0.24.2,10.0.19.2,49172,9019,46466,46402,0.176300000,0.305079767,0.128779767,69521772
1527,10.0.24.2,10.0.20.2,49173,9020,46682,46618,0.176400000,0.305272165,0.128872165,69535740
1529,10.0.24.2,10.0.21.2,49174,9021,46676,46612,0.176500000,0.305273665,0.128773665,69532692
1531,10.0.24.2,10.0.22.2,49175,9022,56728,56728,0.176600000,0.305294655,0.128694655,70058724
1533,10.0.24.2,10.0.23.2,49176,9023,46631,46567,0.176700000,0.305288476,0.128588476,69530352
1535,10.0.24.2,10.0.25.2,49177,9025,48064,48000,0.176800000,0.296272986,0.119472986,69622844
1537,10.0.24.2,10.0.26.2,49178,9026,47069,47005,0.176900000,0.301075470,0.124175470,69570432
1539,10.0.24.2,10.0.27.2,49179,9027,47100,47036,0.177000000,0.303351883,0.126351883,69572116
1541,10.0.24.2,10.0.28.2,49180,9028,46978,46914,0.177100000,0.304004379,0.126904379,69566884
1543,10.0.24.2,10.0.29.2,49181,9029,46925,46861,0.177200000,0.304434446,0.127234446,69563616
1545,10.0.24.2,10.0.30.2,49182,9030,46881,46817,0.177300000,0.304679741,0.127379741,69560728
1547,10.0.24.2,10.0.31.2,49183,9031,46842,46778,0.177400000,0.304867668,0.127467668,69558700
1549,10.0.25.2,10.0.0.2,49153,9000,46802,46349,0.177500000,0.386485072,0.208985072,69519016
1551,10.0.25.2,10.0.1.2,49154,9001,46750,46349,0.177600000,0.389254149,0.211654149,69519016
1553,10.0.25.2,10.0.2.2,49155,9002,46805,46349,0.177700000,0.386854034,0.209154034,69519016
1555,10.0.25.2,10.0.3.2,49156,9003,46757,46349,0.177800000,0.387890102,0.210090102,69519016
1557,10.0.25.2,10.0.4.2,49157,9004,46788,46349,0.177900000,0.414519914,0.236619914,69519016
1559,10.0.25.2,10.0.5.2,49158,9005,46728,46349,0.178000000,0.391262504,0.213262504,69519016
1560,10.0.25.2,10.0.6.2,49159,9006,46743,46349,0.178100000,0.389702931,0.211602931,69519016
1563,10.0.25.2,10.0.7.2,49160,9007,46405,46351,0.178200000,1.271782425,1.093582425,69519120
1565,10.0.25.2,10.0.8.2,49161,9008,46753,46349,0.178300000,0.387779056,0.209479056,69519016
1567,10.0.25.2,10.0.9.2,49162,9009,46753,46349,0.178400000,0.390048317,0.211648317,69519016
1569,10.0.25.2,10.0.10.2,49163,9010,46747,46349,0.178500000,0.390202631,0.211702631,69519016
1571,10.0.25.2,10.0.11.2,49164,9011,46746,46349,0.178600000,0.389780947,0.211180947,69519016
1573,10.0.25.2,10.0.12.2,49165,9012,46751,46349,0.178700000,0.388441489,0.209741489,69519016
1575,10.0.25.2,10.0.13.2,49166,9013,46752,46349,0.178800000,0.389855904,0.211055904,69519016
1577,10.0.25.2,10.0.14.2,49167,9014,46793,46349,0.178900000,0.388501911,0.209601911,69519016
1579,10.0.25.2,10.0.15.2,49168,9015,46751,46349,0.179000000,0.390776499,0.211776499,69519016
1581,10.0.25.2,10.0.16.2,49169,9016,46711,46647,0.179100000,0.318964962,0.139864962,69553000
1583,10.0.25.2,10.0.17.2,49170,9017,46689,46625,0.179200000,0.319040258,0.139840258,69547688
1585,10.0.25.2,10.0.18.2,49171,9018,46641,46577,0.179300000,0.319120965,0.139820965,69530872
1587,10.0.25.2,10.0.19.2,49172,9019,46641,46577,0.179400000,0.319166822,0.139766822,69530872
1589,10.0.25.2,10.0.20.2,49173,9020,56728,56728,0.179500000,0.319282366,0.139782366,70058724
1591,10.0.25.2,10.0.21.2,49174,9021,46617,46553,0.179600000,0.319229650,0.139629650,69529624
1593,10.0.25.2,10.0.22.2,49175,9022,56728,56728,0.179700000,0.319288102,0.139588102,70058724
1595,10.0.25.2,10.0.23.2,49176,9023,47085,47021,0.179800000,0.317152715,0.137352715,69572448
1597,10.0.25.2,10.0.24.2,49177,9024,47028,46964,0.179900000,0.317375531,0.137475531,69568372
1599,10.0.25.2,10.0.26.2,49178,9026,47473,47409,0.180000000,0.310774770,0.130774770,69591512
1601,10.0.25.2,10.0.27.2,49179,9027,47225,47161,0.180100000,0.315780755,0.135680755,69578616
1603,10.0.25.2,10.0.28.2,49180,9028,46946,46882,0.180200000,0.317719459,0.137519459,69564036
1605,10.0.25.2,10.0.29.2,49181,9029,46867,46803,0.180300000,0.318328389,0.138028389,69560000
1607,10.0.25.2,10.0.30.2,49182,9030,46816,46752,0.180400000,0.318608948,0.138208948,69556252
1609,10.0.25.2,10.0.31.2,49183,9031,46769,46705,0.180500000,0.318816211,0.138316211,69554904
1611,10.0.26.2,10.0.0.2,49153,9000,46745,46349,0.180600000,0.388882567,0.208282567,69519016
1613,10.0.26.2,10.0.1.2,49154,9001,46792,46349,0.180700000,0.390976929,0.210276929,69519016
1615,10.0.26.2,10.0.2.2,49155,9002,56697,56696,0.180800000,3.186433932,3.005633932,70057060
1616,10.0.26.2,10.0.3.2,49156,9003,46792,46349,0.180900000,0.389034121,0.208134121,69519016
1618,10.0.26.2,10.0.4.2,49157,9004,46746,46349,0.181000000,0.389219076,0.208219076,69519016
1620,10.0.26.2,10.0.5.2,49158,9005,46747,46349,0.181100000,0.414980650,0.233880650,69519016
1622,10.0.26.2,10.0.6.2,49159,9006,46746,46349,0.181200000,0.391871978,0.210671978,69519016
1624,10.0.26.2,10.0.7.2,49160,9007,46745,46349,0.181300000,0.389557187,0.208257187,69519016
1626,10.0.26.2,10.0.8.2,49161,9008,46758,46349,0.181400000,0.390319542,0.208919542,69519016
1628,10.0.26.2,10.0.9.2,49162,9009,46406,46348,0.181500000,1.269841096,1.088341096,69518964
1629,10.0.26.2,10.0.10.2,49163,9010,46746,46349,0.181600000,0.392320242,0.210720242,69519016
1630,10.0.26.2,10.0.11.2,49164,9011,46747,46349,0.181700000,0.391863009,0.210163009,69519016
1633,10.0.26.2,10.0.12.2,49165,9012,46560,46349,0.181800000,0.423456296,0.241656296,69519016
1636,10.0.26.2,10.0.13.2,49166,9013,46725,46349,0.181900000,0.423399691,0.241499691,69519016
1638,10.0.26.2,10.0.14.2,49167,9014,46746,46349,0.182000000,0.392649836,0.210649836,69519016
1640,10.0.26.2,10.0.15.2,49168,9015,46742,46349,0.182100000,0.392759062,0.210659062,69519016
1642,10.0.26.2,10.0.16.2,49169,9016,49765,49701,0.182200000,0.309271962,0.127071962,69711296
1644,10.0.26.2,10.0.17.2,49170,9017,49733,49669,0.182300000,0.309373342,0.127073342,69709032
1646,10.0.26.2,10.0.18.2,49171,9018,46592,46528,0.182400000,0.309365871,0.126965871,69528324
1648,10.0.26.2,10.0.19.2,49172,9019,46571,46507,0.182500000,0.309463163,0.126963163,69527232
1650,10.0.26.2,10.0.20.2,49173,9020,46837,46773,0.182600000,0.309889202,0.127289202,69558440
1652,10.0.26.2,10.0.21.2,49174,9021,56728,56728,0.182700000,0.309818554,0.127118554,70058724
1654,10.0.26.2,10.0.22.2,49175,9022,49620,49556,0.182800000,0.309704606,0.126904606,69703156
1656,10.0.26.2,10.0.23.2,49176,9023,47061,46997,0.182900000,0.306989325,0.124089325,69570688
1658,10.0.26.2,10.0.24.2,49177,9024,56728,56728,0.183000000,0.309889083,0.126889083,70058724
1660,10.0.26.2,10.0.25.2,49178,9025,56728,56728,0.183100000,0.309955222,0.126855222,70058724
1662,10.0.26.2,10.0.27.2,49179,9027,47477,47413,0.183200000,0.301520673,0.118320673,69591720
1664,10.0.26.2,10.0.28.2,49180,9028,47487,47423,0.183300000,0.305839859,0.122539859,69591656
1666,10.0.26.2,10.0.29.2,49181,9029,56728,56728,0.183400000,0.308214226,0.124814226,70058724
1668,10.0.26.2,10.0.30.2,49182,9030,46795,46734,0.183500000,0.308681234,0.125181234,69556076
1670,10.0.26.2,10.0.31.2,49183,9031,56728,56728,0.183600000,0.309136205,0.125536205,70058724
1672,10.0.27.2,10.0.0.2,49153,9000,46699,46349,0.183700000,0.423528468,0.239828468,69519016
1674,10.0.27.2,10.0.1.2,49154,9001,46725,46349,0.183800000,0.394268602,0.210468602,69519016
1676,10.0.27.2,10.0.2.2,49155,9002,46684,46349,0.183900000,0.423491485,0.239591485,69519016
1678,10.0.27.2,10.0.3.2,49156,9003,46739,46349,0.184000000,0.393596426,0.209596426,69519016
1680,10.0.27.2,10.0.4.2,49157,9004,46741,46349,0.184100000,0.392430222,0.208330222,69519016
1682,10.0.27.2,10.0.5.2,49158,9005,46736,46349,0.184200000,0.393736584,0.209536584,69519016
1684,10.0.27.2,10.0.6.2,49159,9006,46737,46349,0.184300000,0.393708277,0.209408277,69519016
1686,10.0.27.2,10.0.7.2,49160,9007,46662,46349,0.184400000,0.423810228,0.239410228,69519016
1687,10.0.27.2,10.0.8.2,49161,9008,46740,46349,0.184500000,0.392716258,0.208216258,69519016
1689,10.0.27.2,10.0.9.2,49162,9009,46651,46349,0.184600000,0.398154983,0.213554983,69519016
1691,10.0.27.2,10.0.10.2,49163,9010,46596,46349,0.184700000,0.423825798,0.239125798,69519016
1693,10.0.27.2,10.0.11.2,49164,9011,46474,46350,0.184800000,1.271695434,1.086895434,69519068
1694,10.0.27.2,10.0.12.2,49165,9012,46694,46349,0.184900000,0.423523428,0.238623428,69519016
1696,10.0.27.2,10.0.13.2,49166,9013,46713,46349,0.185000000,0.395362897,0.210362897,69519016
1699,10.0.27.2,10.0.14.2,49167,9014,46688,46349,0.185100000,0.394330049,0.209230049,69519016
1702,10.0.27.2,10.0.15.2,49168,9015,46587,46350,0.185200000,1.337494413,1.152294413,69519068
1704,10.0.27.2,10.0.16.2,49169,9016,46873,46809,0.185300000,0.310383284,0.125083284,69560312
1706,10.0.27.2,10.0.17.2,49170,9017,46842,46778,0.185400000,0.310529231,0.125129231,69558700
1708,10.0.27.2,10.0.18.2,49171,9018,46507,46443,0.185500000,0.310435363,0.124935363,69523904
1710,10.0.27.2,10.0.19.2,49172,9019,46763,46699,0.185600000,0.310764398,0.125164398,69554592
1712,10.0.27.2,10.0.20.2,49173,9020,46742,46678,0.185700000,0.310883793,0.125183793,69553500
1714,10.0.27.2,10.0.21.2,49174,9021,46738,46674,0.185800000,0.310894250,0.125094250,69554404
1716,10.0.27.2,10.0.22.2,49175,9022,47746,47682,0.185900000,0.307315430,0.121415430,69605708
1718,10.0.27.2,10.0.23.2,49176,9023,46687,46623,0.186000000,0.311006985,0.125006985,69540856
1720,10.0.27.2,10.0.24.2,49177,9024,56728,56728,0.186100000,0.311074013,0.124974013,70058724
1722,10.0.27.2,10.0.25.2,49178,9025,46651,46587,0.186200000,0.311100437,0.124900437,69531392
1724,10.0.27.2,10.0.26.2,49179,9026,46602,46538,0.186300000,0.311073509,0.124773509,69528844
1726,10.0.27.2,10.0.28.2,49180,9028,47574,47510,0.186400000,0.303717013,0.117317013,69596764
1728,10.0.27.2,10.0.29.2,49181,9029,47649,47585,0.186500000,0.305553254,0.119053254,69601264
1730,10.0.27.2,10.0.30.2,49182,9030,46995,46931,0.186600000,0.307978263,0.121378263,69566656
1732,10.0.27.2,10.0.31.2,49183,9031,47100,47036,0.186700000,0.309220206,0.122520206,69571532
1734,10.0.28.2,10.0.0.2,49153,9000,46738,46349,0.186800000,0.393523108,0.206723108,69519016
1736,10.0.28.2,10.0.1.2,49154,9001,46673,46349,0.186900000,0.394486329,0.207586329,69519016
1738,10.0.28.2,10.0.2.2,49155,9002,46489,46350,0.187000000,1.339060122,1.152060122,69519068
1740,10.0.28.2,10.0.3.2,49156,9003,46648,46349,0.187100000,0.421425899,0.234325899,69519016
1741,10.0.28.2,10.0.4.2,49157,9004,46727,46349,0.187200000,0.396085932,0.208885932,69519016
1743,10.0.28.2,10.0.5.2,49158,9005,46684,46349,0.187300000,0.395254487,0.207954487,69519016
1746,10.0.28.2,10.0.6.2,49159,9006,46644,46349,0.187400000,0.395662622,0.208262622,69519016
1748,10.0.28.2,10.0.7.2,49160,9007,46660,46349,0.187500000,0.423324548,0.235824548,69519016
1750,10.0.28.2,10.0.8.2,49161,9008,46727,46349,0.187600000,0.395185598,0.207585598,69519016
1752,10.0.28.2,10.0.9.2,49162,9009,46732,46349,0.187700000,0.394179008,0.206479008,69519016
1754,10.0.28.2,10.0.10.2,49163,9010,46727,46349,0.187800000,0.395293400,0.207493400,69519016
1756,10.0.28.2,10.0.11.2,49164,9011,46643,46349,0.187900000,0.423259361,0.235359361,69519016
1757,10.0.28.2,10.0.12.2,49165,9012,46733,46349,0.188000000,0.395644925,0.207644925,69519016
1760,10.0.28.2,10.0.13.2,49166,9013,46682,46349,0.188100000,0.395696373,0.207596373,69519016
1762,10.0.28.2,10.0.14.2,49167,9014,46591,46349,0.188200000,0.423031033,0.234831033,69519016
1763,10.0.28.2,10.0.15.2,49168,9015,46716,46349,0.188300000,0.396623004,0.208323004,69519016
1765,10.0.28.2,10.0.16.2,49169,9016,46755,46691,0.188400000,0.312043443,0.123643443,69554176
1768,10.0.28.2,10.0.17.2,49170,9017,51208,51144,0.188500000,0.312397413,0.123897413,69785732
1770,10.0.28.2,10.0.18.2,49171,9018,46671,46607,0.188600000,0.312434636,0.123834636,69532432
1772,10.0.28.2,10.0.19.2,49172,9019,46661,46597,0.188700000,0.312591461,0.123891461,69531912
1774,10.0.28.2,10.0.20.2,49173,9020,56728,56728,0.188800000,0.313139331,0.124339331,70058724
1776,10.0.28.2,10.0.21.2,49174,9021,47753,47689,0.188900000,0.308025990,0.119125990,69605488
1778,10.0.28.2,10.0.22.2,49175,9022,56728,56728,0.189000000,0.313227525,0.124227525,70058724
1780,10.0.28.2,10.0.23.2,49176,9023,50760,50696,0.189100000,0.313164927,0.124064927,69763548
1782,10.0.28.2,10.0.24.2,49177,9024,56728,56728,0.189200000,0.313364560,0.124164560,70058724
1784,10.0.28.2,10.0.25.2,49178,9025,56728,56728,0.189300000,0.313493582,0.124193582,70058724
1786,10.0.28.2,10.0.26.2,49179,9026,56696,56696,0.189400000,0.316887602,0.127487602,70057060
1788,10.0.28.2,10.0.27.2,49180,9027,50919,50855,0.189500000,0.313393325,0.123893325,69771816
1790,10.0.28.2,10.0.29.2,49181,9029,56728,56728,0.189600000,0.306557366,0.116957366,70058724
1792,10.0.28.2,10.0.30.2,49182,9030,56728,56728,0.189700000,0.308253927,0.118553927,70058724
1794,10.0.28.2,10.0.31.2,49183,9031,56728,56728,0.189800000,0.310315906,0.120515906,70058724
1796,10.0.29.2,10.0.0.2,49153,9000,46737,46349,0.189900000,0.396030644,0.206130644,69519016
1798,10.0.29.2,10.0.1.2,49154,9001,46651,46349,0.190000000,0.398153572,0.208153572,69519016
1800,10.0.29.2,10.0.2.2,49155,9002,46656,46349,0.190100000,0.422532317,0.232432317,69519016
1801,10.0.29.2,10.0.3.2,49156,9003,46687,46349,0.190200000,0.396273555,0.206073555,69519016
1803,10.0.29.2,10.0.4.2,49157,9004,46686,46349,0.190300000,0.396447387,0.206147387,69519016
1806,10.0.29.2,10.0.5.2,49158,9005,46691,46349,0.190400000,0.396548115,0.206148115,69519016
1808,10.0.29.2,10.0.6.2,49159,9006,46687,46349,0.190500000,0.396506148,0.206006148,69519016
1810,10.0.29.2,10.0.7.2,49160,9007,46693,46349,0.190600000,0.395503068,0.204903068,69519016
1812,10.0.29.2,10.0.8.2,49161,9008,46690,46349,0.190700000,0.396498467,0.205798467,69519016
1814,10.0.29.2,10.0.9.2,49162,9009,46705,46412,0.190800000,1.320804768,1.130004768,69522292
1816,10.0.29.2,10.0.10.2,49163,9010,46686,46349,0.190900000,0.395643364,0.204743364,69519016
1818,10.0.29.2,10.0.11.2,49164,9011,46676,46349,0.191000000,0.397692494,0.206692494,69519016
1820,10.0.29.2,10.0.12.2,49165,9012,46690,46349,0.191100000,0.396865318,0.205765318,69519016
1822,10.0.29.2,10.0.13.2,49166,9013,46365,46349,0.191200000,0.423536031,0.232336031,69519016
1823,10.0.29.2,10.0.14.2,49167,9014,46688,46349,0.191300000,0.397002377,0.205702377,69519016
1825,10.0.29.2,10.0.15.2,49168,9015,46637,46349,0.191400000,0.422493498,0.231093498,69519016
1827,10.0.29.2,10.0.16.2,49169,9016,46962,46898,0.191500000,0.317691979,0.126191979,69565540
1829,10.0.29.2,10.0.17.2,49170,9017,46911,46847,0.191600000,0.318196033,0.126596033,69562288
1831,10.0.29.2,10.0.18.2,49171,9018,46579,46515,0.191700000,0.318287881,0.126587881,69527648
1833,10.0.29.2,10.0.19.2,49172,9019,46570,46506,0.191800000,0.318489242,0.126689242,69527180
1836,10.0.29.2,10.0.20.2,49173,9020,47979,47915,0.191900000,0.313345504,0.121445504,69617824
1838,10.0.29.2,10.0.21.2,49174,9021,46765,46701,0.192000000,0.318733771,0.126733771,69554536
1840,10.0.29.2,10.0.22.2,49175,9022,46749,46685,0.192100000,0.318970477,0.126870477,69553864
1842,10.0.29.2,10.0.23.2,49176,9023,46402,46349,0.192200000,0.324044612,0.131844612,69519016
1844,10.0.29.2,10.0.24.2,49177,9024,46703,46639,0.192300000,0.319121270,0.126821270,69551472
1846,10.0.29.2,10.0.25.2,49178,9025,46682,46618,0.192400000,0.319271554,0.126871554,69535756
1848,10.0.29.2,10.0.26.2,49179,9026,46645,46581,0.192500000,0.319254863,0.126754863,69531080
1850,10.0.29.2,10.0.27.2,49180,9027,56728,56728,0.192600000,0.319345203,0.126745203,70058724
1852,10.0.29.2,10.0.28.2,49181,9028,46614,46550,0.192700000,0.319313783,0.126613783,69529468
1854,10.0.29.2,10.0.30.2,49182,9030,47480,47416,0.192800000,0.314650391,0.121850391,69592476
1856,10.0.29.2,10.0.31.2,49183,9031,47336,47272,0.192900000,0.315642082,0.122742082,69584388
1858,10.0.30.2,10.0.0.2,49153,9000,46678,46349,0.193000000,0.397970962,0.204970962,69519016
1860,10.0.30.2,10.0.1.2,49154,9001,46682,46349,0.193100000,0.396662635,0.203562635,69519016
1862,10.0.30.2,10.0.2.2,49155,9002,46686,46349,0.193200000,0.396729257,0.203529257,69519016
1864,10.0.30.2,10.0.3.2,49156,9003,46684,46349,0.193300000,0.397323271,0.204023271,69519016
1865,10.0.30.2,10.0.4.2,49157,9004,46686,46349,0.193400000,0.397628932,0.204228932,69519016
1868,10.0.30.2,10.0.5.2,49158,9005,46359,46348,0.193500000,1.263809737,1.070309737,69518964
1869,10.0.30.2,10.0.6.2,49159,9006,46644,46349,0.193600000,0.400266578,0.206666578,69519016
1871,10.0.30.2,10.0.7.2,49160,9007,46653,46349,0.193700000,0.564455958,0.370755958,69519016
1872,10.0.30.2,10.0.8.2,49161,9008,46689,46349,0.193800000,0.396905297,0.203105297,69519016
1873,10.0.30.2,10.0.9.2,49162,9009,46687,46349,0.193900000,0.396929449,0.203029449,69519016
1876,10.0.30.2,10.0.10.2,49163,9010,46688,46349,0.194000000,0.397811728,0.203811728,69519016
1880,10.0.30.2,10.0.11.2,49164,9011,46687,46349,0.194100000,0.397865059,0.203765059,69519016
1881,10.0.30.2,10.0.12.2,49165,9012,46578,46349,0.194200000,0.421166252,0.226966252,69519016
1883,10.0.30.2,10.0.13.2,49166,9013,46700,46349,0.194300000,0.397929024,0.203629024,69519016
1885,10.0.30.2,10.0.14.2,49167,9014,46645,46349,0.194400000,0.397999007,0.203599007,69519016
1886,10.0.30.2,10.0.15.2,49168,9015,46698,46349,0.194500000,0.397985473,0.203485473,69519016
1890,10.0.30.2,10.0.16.2,49169,9016,46891,46827,0.194600000,0.325201926,0.130601926,69561248
1892,10.0.30.2,10.0.17.2,49170,9017,46829,46765,0.194700000,0.325522988,0.130822988,69558024
1894,10.0.30.2,10.0.18.2,49171,9018,47602,47538,0.194800000,0.320214942,0.125414942,69598220
1896,10.0.30.2,10.0.19.2,49172,9019,47581,47517,0.194900000,0.320499118,0.125599118,69597728
1898,10.0.30.2,10.0.20.2,49173,9020,46707,46643,0.195000000,0.325821214,0.130821214,69552792
1900,10.0.30.2,10.0.21.2,49174,9021,46732,46668,0.195100000,0.325944493,0.130844493,69552820
1902,10.0.30.2,10.0.22.2,49175,9022,46698,46634,0.195200000,0.326060312,0.130860312,69551212
1904,10.0.30.2,10.0.23.2,49176,9023,46682,46618,0.195300000,0.326109191,0.130809191,69535740
1906,10.0.30.2,10.0.24.2,49177,9024,46665,46601,0.195400000,0.326143559,0.130743559,69532120
1908,10.0.30.2,10.0.25.2,49178,9025,46648,46584,0.195500000,0.326158061,0.130658061,69531236
1910,10.0.30.2,10.0.26.2,49179,9026,46588,46524,0.195600000,0.326160621,0.130560621,69528116
1912,10.0.30.2,10.0.27.2,49180,9027,56728,56728,0.195700000,0.326185145,0.130485145,70058724
1914,10.0.30.2,10.0.28.2,49181,9028,47380,47316,0.195800000,0.324221809,0.128421809,69586676
1916,10.0.30.2,10.0.29.2,49182,9029,47111,47047,0.195900000,0.324157296,0.128257296,69572688
1918,10.0.30.2,10.0.31.2,49183,9031,46897,46833,0.196000000,0.325218429,0.129218429,69561560
1920,10.0.31.2,10.0.0.2,49153,9000,46692,46349,0.196100000,0.398377303,0.202277303,69519016
1922,10.0.31.2,10.0.1.2,49154,9001,46692,46349,0.196200000,0.398073388,0.201873388,69519016
1924,10.0.31.2,10.0.2.2,49155,9002,46676,46349,0.196300000,0.398715571,0.202415571,69519016
1926,10.0.31.2,10.0.3.2,49156,9003,46692,46349,0.196400000,0.398468390,0.202068390,69519016
1928,10.0.31.2,10.0.4.2,49157,9004,46507,46349,0.196500000,0.421888167,0.225388167,69519016
1929,10.0.31.2,10.0.5.2,49158,9005,46700,46349,0.196600000,0.398672842,0.202072842,69519016
1931,10.0.31.2,10.0.6.2,49159,9006,46603,46350,0.196700000,1.347184255,1.150484255,69519068
1933,10.0.31.2,10.0.7.2,49160,9007,46681,46349,0.196800000,0.398424366,0.201624366,69519016
1935,10.0.31.2,10.0.8.2,49161,9008,46585,46349,0.196900000,0.423433945,0.226533945,69519016
1936,10.0.31.2,10.0.9.2,49162,9009,46603,46349,0.197000000,0.400871153,0.203871153,69519016
1938,10.0.31.2,10.0.10.2,49163,9010,46694,46349,0.197100000,0.398878213,0.201778213,69519016
1941,10.0.31.2,10.0.11.2,49164,9011,46586,46349,0.197200000,1.344817430,1.147617430,69519016
1944,10.0.31.2,10.0.12.2,49165,9012,46695,46349,0.197300000,0.398883405,0.201583405,69519016
1946,10.0.31.2,10.0.13.2,49166,9013,46697,46349,0.197400000,0.398944687,0.201544687,69519016
1948,10.0.31.2,10.0.14.2,49167,9014,46587,46349,0.197500000,0.407039294,0.209539294,69519016
1949,10.0.31.2,10.0.15.2,49168,9015,46696,46349,0.197600000,0.398899539,0.201299539,69519016
1952,10.0.31.2,10.0.16.2,49169,9016,50761,50697,0.197700000,0.320114549,0.122414549,69761728
1954,10.0.31.2,10.0.17.2,49170,9017,51545,51481,0.197800000,0.316745381,0.118945381,69803256
1956,10.0.31.2,10.0.18.2,49171,9018,49175,49111,0.197900000,0.329781246,0.131881246,69680016
1958,10.0.31.2,10.0.19.2,49172,9019,49210,49146,0.198000000,0.319555254,0.121555254,69681836
1960,10.0.31.2,10.0.20.2,49173,9020,46974,46910,0.198100000,0.320454916,0.122354916,69564980
1962,10.0.31.2,10.0.21.2,49174,9021,50430,50366,0.198200000,0.322041062,0.123841062,69745276
1964,10.0.31.2,10.0.22.2,49175,9022,46447,46349,0.198300000,0.334005071,0.135705071,69519016
1966,10.0.31.2,10.0.23.2,49176,9023,56728,56728,0.198400000,0.321655821,0.123255821,70058724
1968,10.0.31.2,10.0.24.2,49177,9024,56728,56728,0.198500000,0.321860787,0.123360787,70058724
1970,10.0.31.2,10.0.25.2,49178,9025,56728,56728,0.198600000,0.322112623,0.123512623,70058724
1972,10.0.31.2,10.0.26.2,49179,9026,56696,56696,0.198700000,0.321726227,0.123026227,70057060
1974,10.0.31.2,10.0.27.2,49180,9027,56696,56696,0.198800000,0.322064974,0.123264974,70057060
1976,10.0.31.2,10.0.28.2,49181,9028,46443,46349,0.198900000,0.334375304,0.135475304,69519016
1978,10.0.31.2,10.0.29.2,49182,9029,56728,56728,0.199000000,0.322325052,0.123325052,70058724
1980,10.0.31.2,10.0.30.2,49183,9030,56728,56728,0.199100000,0.322532763,0.123432763,70058724
