destination,time,goodput_mbps
server1,0.2,70.02048
server1,0.4,0.65536
server1,0.6,19.6608
server1,0.8,0.65536
server1,1.0,0.65536
server1,1.2,45.37536
server1,1.4,60.96128
server1,1.6,0.65536
server1,1.8,26.19616
server1,2.0,28.4304
server1,2.2,0.65536
server1,2.4,0.65536
server1,2.6,31.6224
server1,2.8,28.18048
server1,3.0,0.65536
server1,3.2,28.06464
server1,3.4,28.66208
server1,3.6,0.94496
server1,3.8,28.18048
server1,4.0,0.65536
server1,4.2,27.52512
server1,4.4,0.65536
server1,4.6,25.55904
server1,4.8,26.2144
server1,5.0,0.65536
server1,5.2,25.55904
server1,5.4,28.18048
server1,5.6,28.83584
server1,5.8,0.65536
server1,6.0,28.18048
server1,6.2,0.65536
server1,6.4,28.18048
server1,6.6,27.52512
server1,6.8,27.48864
server1,7.0,0.65536
server1,7.2,25.55904
server1,7.4,26.2144
server1,7.6,28.18048
server1,7.8,0.65536
server1,8.0,28.18048
server1,8.2,28.83584
server1,8.4,0.65536
server1,8.6,28.18048
server1,8.8,27.54336
server1,9.0,0.65536
server1,9.2,28.8176
server1,9.4,26.2144
server1,9.6,0.65536
server1,9.8,25.55904
server1,10.0,25.55904
server1,10.2,28.83584
server1,10.4,0.65536
server1,10.6,28.18048
server1,10.8,28.83584
server1,11.0,28.12256
server1,11.2,0.65536
server1,11.4,28.2384
server1,11.6,26.2144
server1,11.8,26.2144
server1,12.0,0.65536
server1,12.2,25.50112
server1,12.4,28.2384
server1,12.6,28.83584
server1,12.8,0.65536
server1,13.0,27.54336
server1,13.2,29.47296
server1,13.4,28.18048
server1,13.6,26.2144
server1,13.8,26.2144
server1,14.0,26.2144
server1,14.2,28.18048
server1,14.4,28.48832
server1,14.6,29.18336
server1,14.8,28.18048
server1,15.0,24.90368
server1,15.2,28.2416
server1,15.4,26.2144
server1,15.6,26.2144
server1,15.8,28.18048
server1,16.0,28.83584
server1,16.2,28.66208
server1,16.4,28.66208
server1,16.6,27.87264
server1,16.8,53.64512
server1,17.0,25.55904
server1,17.2,25.79072
server1,17.4,29.82048
server1,17.6,28.18048
server1,17.8,29.2992
server1,18.0,28.528
server1,18.2,28.83584
server1,18.4,26.2144
server1,18.6,52.4288
server1,18.8,28.00672
server1,19.0,29.0096
server1,19.2,28.83584
server1,19.4,28.83584
server1,19.6,28.18048
server1,19.8,26.2144
server1,20.0,26.2144
server1,20.2,51.77344
server1,20.4,28.83584
server1,20.6,28.18048
server1,20.8,29.5888
server1,21.0,28.18048
server1,21.2,26.2144
server1,21.4,52.4288
server1,21.6,28.18048
server1,21.8,28.83584
server1,22.0,28.83584
server1,22.2,28.83584
server1,22.4,27.52512
server1,22.6,27.48864
server1,22.8,26.2144
server1,23.0,26.2144
server1,23.2,57.01632
server1,23.4,28.83584
server1,23.6,28.83584
server1,23.8,28.18048
server1,24.0,28.83584
server1,24.2,26.2144
server1,24.4,26.04064
server1,24.6,25.7328
server1,24.8,28.25664
server1,25.0,29.41504
server1,25.2,28.83584
server1,25.4,28.00672
server1,25.6,29.0096
server1,25.8,26.2144
server1,26.0,26.2144
server1,26.2,25.75104
server1,26.4,57.47968
server1,26.6,0.65536
server1,26.8,28.18048
server1,27.0,57.01632
server1,27.2,26.2144
server1,27.4,26.2144
server1,27.6,25.98272
server1,27.8,25.79072
server1,28.0,28.83584
server1,28.2,28.83584
server1,28.4,28.83584
server1,28.6,27.52512
server1,28.8,27.48864
server1,29.0,52.4288
server1,29.2,28.18048
server1,29.4,28.83584
server1,29.6,28.83584
server1,29.8,28.4304
server1,30.0,27.52512
server1,30.2,27.43072
server1,30.4,26.2144
server1,30.6,26.15648
server1,30.8,54.4528
server1,31.0,28.83584
server1,31.2,28.18048
server1,31.4,28.2384
server1,31.6,29.76256
server1,31.8,26.2144
server1,32.0,25.55904
server1,32.2,29.1072
server1,32.4,27.83296
server1,32.6,29.64672
server1,32.8,57.8272
server1,33.0,28.83584
server1,33.2,26.2144
server1,33.4,26.2144
server1,33.6,26.2144
server1,33.8,28.18048
server1,34.0,28.83584
server1,34.2,28.83584
server1,34.4,28.83584
server1,34.6,28.18048
server1,34.8,51.77344
server1,35.0,29.5888
server1,35.2,28.528
server1,35.4,28.83584
server1,35.6,28.83584
server1,35.8,28.18048
server1,36.0,29.04928
server1,36.2,26.2144
server1,36.4,52.4288
server1,36.6,28.18048
server1,36.8,28.83584
server1,37.0,28.83584
server1,37.2,28.66208
server1,37.4,27.69888
server1,37.6,27.43072
server1,37.8,26.2144
server1,38.0,26.2144
server1,38.2,57.01632
server1,38.4,28.83584
server1,38.6,28.83584
server1,38.8,27.52512
server1,39.0,27.43072
server1,39.2,26.2144
server1,39.4,26.2144
server1,39.6,54.39488
server1,39.8,28.31456
server1,40.0,29.35712
server1,40.2,27.60128
server1,40.4,29.41504
server1,40.6,26.2144
server1,40.8,26.2144
server1,41.0,26.2144
server1,41.2,27.9488
server1,41.4,55.10816
server1,41.6,29.0096
server1,41.8,28.18048
server1,42.0,26.2144
server1,42.2,26.09856
server1,42.4,25.98272
server1,42.6,28.2384
server1,42.8,55.33984
server1,43.0,28.83584
server1,43.2,28.12256
server1,43.4,28.89376
server1,43.6,26.2144
server1,43.8,26.2144
server1,44.0,27.83296
server1,44.2,26.56192
server1,44.4,28.18048
server1,44.6,58.34848
server1,44.8,28.83584
server1,45.0,26.2144
server2,0.2,112.40864
server2,0.4,0.65536
server2,0.6,0.65536
server2,0.8,0.65536
server2,1.0,0.65536
server2,1.2,0.65536
server2,1.4,0.65536
server2,1.6,0.65536
server2,1.8,0.65536
server2,2.0,0.65536
server2,2.2,0.65536
server2,2.4,0.65536
server2,2.6,0.65536
server2,2.8,0.65536
server2,3.0,0.65536
server2,3.2,0.65536
server2,3.4,0.65536
server2,3.6,0.65536
server2,3.8,0.65536
server2,4.0,0.65536
server2,4.2,0.65536
server2,4.4,23.59296
server2,4.6,0.65536
server2,4.8,0.65536
server2,5.0,0.65536
server2,5.2,0.65536
server2,5.4,0.65536
server2,5.6,0.65536
server2,5.8,0.65536
server2,6.0,0.65536
server2,6.2,0.65536
server2,6.4,0.65536
server2,6.6,0.65536
server2,6.8,0.65536
server2,7.0,0.65536
server2,7.2,0.65536
server2,7.4,0.65536
server2,7.6,0.65536
server2,7.8,0.65536
server2,8.0,0.65536
server2,8.2,0.65536
server2,8.4,0.65536
server2,8.6,0.65536
server2,8.8,0.65536
server2,9.0,0.65536
server2,9.2,0.65536
server2,9.4,0.65536
server2,9.6,19.6608
server2,9.8,0.65536
server2,10.0,0.65536
server2,10.2,0.65536
server2,10.4,0.65536
server2,10.6,0.65536
server2,10.8,0.65536
server2,11.0,0.65536
server2,11.2,31.45728
server2,11.4,1.98752
server2,11.6,0.65536
server2,11.8,0.65536
server2,12.0,0.65536
server2,12.2,37.45312
server2,12.4,0.65536
server2,12.6,0.65536
server2,12.8,34.73408
server2,13.0,0.65536
server2,13.2,0.65536
server2,13.4,35.38944
server2,13.6,0.65536
server2,13.8,0.65536
server2,14.0,0.65536
server2,14.2,34.07872
server2,14.4,0.65536
server2,14.6,50.44544
server2,14.8,0.65536
server2,15.0,0.65536
server2,15.2,0.65536
server2,15.4,0.65536
server2,15.6,34.07872
server2,15.8,0.65536
server2,16.0,36.0448
server2,16.2,0.65536
server2,16.4,0.65536
server2,16.6,34.5024
server2,16.8,0.7712
server2,17.0,36.16064
server2,17.2,0.65536
server2,17.4,0.65536
server2,17.6,35.38944
server2,17.8,0.65536
server2,18.0,35.38944
server2,18.2,0.65536
server2,18.4,0.65536
server2,18.6,35.38944
server2,18.8,0.65536
server2,19.0,35.40768
server2,19.2,1.00288
server2,19.4,35.67904
server2,19.6,0.65536
server2,19.8,0.65536
server2,20.0,34.73408
server2,20.2,0.65536
server2,20.4,37.31904
server2,20.6,36.70016
server2,20.8,0.65536
server2,21.0,35.38944
server2,21.2,0.65536
server2,21.4,0.65536
server2,21.6,35.38944
server2,21.8,0.65536
server2,22.0,36.0448
server2,22.2,0.65536
server2,22.4,35.15776
server2,22.6,0.7712
server2,22.8,36.16064
server2,23.0,0.65536
server2,23.2,36.0448
server2,23.4,0.65536
server2,23.6,35.15776
server2,23.8,0.65536
server2,24.0,35.38944
server2,24.2,0.65536
server2,24.4,0.65536
server2,24.6,36.7216
server2,24.8,0.65536
server2,25.0,35.38944
server2,25.2,0.65536
server2,25.4,36.0448
server2,25.6,36.70016
server2,25.8,0.65536
server2,26.0,0.65536
server2,26.2,34.73408
server2,26.4,0.65536
server2,26.6,36.0448
server2,26.8,0.65536
server2,27.0,36.0448
server2,27.2,0.65536
server2,27.4,35.38944
server2,27.6,0.65536
server2,27.8,36.0448
server2,28.0,36.70016
server2,28.2,0.65536
server2,28.4,0.65536
server2,28.6,34.73408
server2,28.8,0.65536
server2,29.0,36.0448
server2,29.2,36.70016
server2,29.4,0.65536
server2,29.6,35.38944
server2,29.8,0.65536
server2,30.0,35.38944
server2,30.2,0.65536
server2,30.4,37.14528
server2,30.6,35.38944
server2,30.8,0.65536
server2,31.0,0.65536
server2,31.2,36.77952
server2,31.4,0.65536
server2,31.6,36.0448
server2,31.8,0.65536
server2,32.0,0.65536
server2,32.2,0.65536
server2,32.4,34.73408
server2,32.6,0.65536
server2,32.8,0.65536
server2,33.0,34.73408
server2,33.2,0.65536
server2,33.4,0.65536
server2,33.6,35.38944
server2,33.8,0.65536
server2,34.0,0.65536
server2,34.2,35.38944
server2,34.4,0.65536
server2,34.6,35.38944
server2,34.8,0.65536
server2,35.0,0.65536
server2,35.2,35.38944
server2,35.4,0.65536
server2,35.6,0.65536
server2,35.8,0.65536
server2,36.0,34.73408
server2,36.2,0.65536
server2,36.4,35.38944
server2,36.6,0.65536
server2,36.8,0.65536
server2,37.0,35.15776
server2,37.2,0.65536
server2,37.4,36.27648
server2,37.6,0.65536
server2,37.8,0.65536
server2,38.0,34.73408
server2,38.2,0.65536
server2,38.4,36.0448
server2,38.6,0.65536
server2,38.8,0.65536
server2,39.0,35.38944
server2,39.2,0.65536
server2,39.4,34.73408
server2,39.6,0.65536
server2,39.8,0.65536
server2,40.0,36.60576
server2,40.2,0.65536
server2,40.4,36.0448
server2,40.6,0.65536
server2,40.8,0.65536
server2,41.0,34.73408
server2,41.2,0.65536
server2,41.4,36.0448
server2,41.6,0.65536
server2,41.8,0.65536
server2,42.0,34.73408
server2,42.2,0.65536
server2,42.4,0.65536
server2,42.6,34.27072
server2,42.8,0.65536
server2,43.0,0.65536
server2,43.2,0.65536
server2,43.4,34.07872
server2,43.6,0.82912
server2,43.8,0.65536
server2,44.0,0.65536
server2,44.2,0.65536
server2,44.4,38.48064
server2,44.6,0.65536
server2,44.8,0.65536
server2,45.0,34.73408
server3,0.2,51.81632
server3,0.4,0.65536
server3,0.6,0.65536
server3,0.8,11.14112
server3,1.0,0.65536
server3,1.2,0.65536
server3,1.4,0.65536
server3,1.6,0.65536
server3,1.8,0.65536
server3,2.0,0.65536
server3,2.2,8.65376
server3,2.4,0.65536
server3,2.6,0.65536
server3,2.8,0.65536
server3,3.0,0.65536
server3,3.2,11.00704
server3,3.4,0.65536
server3,3.6,0.65536
server3,3.8,0.65536
server3,4.0,10.90944
server3,4.2,0.7712
server3,4.4,0.65536
server3,4.6,11.14112
server3,4.8,0.65536
server3,5.0,0.65536
server3,5.2,10.39136
server3,5.4,0.65536
server3,5.6,9.8304
server3,5.8,0.65536
server3,6.0,9.8304
server3,6.2,0.65536
server3,6.4,9.8304
server3,6.6,0.65536
server3,6.8,9.0592
server3,7.0,0.65536
server3,7.2,9.94624
server3,7.4,0.65536
server3,7.6,9.8304
server3,7.8,10.48576
server3,8.0,0.65536
server3,8.2,9.71456
server3,8.4,10.54368
server3,8.6,10.08032
server3,8.8,10.6016
server3,9.0,0.7712
server3,9.2,20.02656
server3,9.4,11.00704
server3,9.6,11.98848
server3,9.8,10.94912
server3,10.0,13.1072
server3,10.2,26.2144
server3,10.4,13.1072
server3,10.6,23.59296
server3,10.8,10.48576
server3,11.0,19.50528
server3,11.2,34.8896
server3,11.4,26.15648
server3,11.6,25.79072
server3,11.8,31.96032
server3,12.0,31.45728
server3,12.2,20.97152
server3,12.4,31.45728
server3,12.6,40.82432
server3,12.8,39.78496
server3,13.0,26.2144
server3,13.2,43.90912
server3,13.4,76.50656
server3,13.6,42.56192
server3,13.8,41.94304
server3,14.0,44.56448
server3,14.2,38.01088
server3,14.4,20.68192
server3,14.6,65.26784
server3,14.8,0.0
server3,15.0,0.65536
server3,15.2,0.65536
server3,15.4,0.65536
server3,15.6,0.65536
server3,15.8,118.34976
server3,16.0,0.30784
server3,16.2,0.65536
server3,16.4,0.65536
server3,16.6,0.65536
server3,16.8,0.65536
server3,17.0,0.65536
server3,17.2,42.25088
server3,17.4,0.65536
server3,17.6,25.8336
server3,17.8,0.65536
server3,18.0,0.65536
server3,18.2,0.65536
server3,18.4,0.65536
server3,18.6,0.65536
server3,18.8,20.31616
server3,19.0,0.65536
server3,19.2,0.65536
server3,19.4,0.65536
server3,19.6,0.65536
server3,19.8,0.65536
server3,20.0,0.65536
server3,20.2,0.65536
server3,20.4,0.65536
server3,20.6,0.65536
server3,20.8,0.65536
server3,21.0,0.65536
server3,21.2,15.72864
server3,21.4,0.65536
server3,21.6,0.65536
server3,21.8,0.65536
server3,22.0,0.65536
server3,22.2,0.65536
server3,22.4,0.65536
server3,22.6,0.65536
server3,22.8,0.65536
server3,23.0,0.65536
server3,23.2,17.3472
server3,23.4,0.65536
server3,23.6,0.65536
server3,23.8,0.65536
server3,24.0,0.65536
server3,24.2,0.65536
server3,24.4,0.65536
server3,24.6,20.00832
server3,24.8,0.65536
server3,25.0,0.65536
server3,25.2,0.65536
server3,25.4,0.65536
server3,25.6,20.97152
server3,25.8,0.65536
server3,26.0,0.65536
server3,26.2,0.65536
server3,26.4,21.62688
server3,26.6,0.65536
server3,26.8,0.65536
server3,27.0,0.65536
server3,27.2,20.3344
server3,27.4,1.29248
server3,27.6,0.65536
server3,27.8,22.28224
server3,28.0,0.65536
server3,28.2,0.65536
server3,28.4,21.62688
server3,28.6,0.65536
server3,28.8,0.65536
server3,29.0,23.55648
server3,29.2,0.65536
server3,29.4,22.9376
server3,29.6,0.65536
server3,29.8,22.28224
server3,30.0,0.65536
server3,30.2,22.9376
server3,30.4,23.53504
server3,30.6,23.65088
server3,30.8,0.65536
server3,31.0,22.9376
server3,31.2,22.9376
server3,31.4,23.59296
server3,31.6,47.18592
server3,31.8,22.9376
server3,32.0,23.59296
server3,32.2,23.47712
server3,32.4,47.30176
server3,32.6,22.9376
server3,32.8,46.53056
server3,33.0,24.75136
server3,33.2,46.53056
server3,33.4,47.18592
server3,33.6,46.8384
server3,33.8,46.87808
server3,34.0,22.9376
server3,34.2,47.86272
server3,34.4,22.28224
server3,34.6,0.65536
server3,34.8,0.65536
server3,35.0,109.1104
server3,35.2,0.65536
server3,35.4,0.65536
server3,35.6,0.65536
server3,35.8,0.65536
server3,36.0,0.65536
server3,36.2,0.65536
server3,36.4,0.65536
server3,36.6,0.65536
server3,36.8,17.69472
server3,37.0,0.65536
server3,37.2,0.65536
server3,37.4,54.67584
server3,37.6,0.65536
server3,37.8,0.65536
server3,38.0,21.62688
server3,38.2,0.7712
server3,38.4,0.65536
server3,38.6,0.65536
server3,38.8,76.41856
server3,39.0,0.65536
server3,39.2,0.65536
server3,39.4,0.65536
server3,39.6,1.69792
server3,39.8,0.0
server3,40.0,0.65536
server3,40.2,0.65536
server3,40.4,0.65536
server3,40.6,0.65536
server3,40.8,109.47616
server3,41.0,24.8672
server3,41.2,0.65536
server3,41.4,22.9376
server3,41.6,0.65536
server3,41.8,0.65536
server3,42.0,21.62688
server3,42.2,0.65536
server3,42.4,22.82176
server3,42.6,0.65536
server3,42.8,23.05344
server3,43.0,0.65536
server3,43.2,22.9376
server3,43.4,0.65536
server3,43.6,22.9376
server3,43.8,22.648
server3,44.0,0.65536
server3,44.2,22.57184
server3,44.4,0.65536
server3,44.6,23.44064
server3,44.8,0.65536
server3,45.0,24.21184
server4,0.2,90.85792
server4,0.4,0.65536
server4,0.6,0.65536
server4,0.8,0.65536
server4,1.0,19.00544
server4,1.2,0.65536
server4,1.4,0.65536
server4,1.6,19.6608
server4,1.8,0.65536
server4,2.0,20.31616
server4,2.2,19.73696
server4,2.4,1.23456
server4,2.6,19.6608
server4,2.8,0.65536
server4,3.0,18.91104
server4,3.2,18.35008
server4,3.4,18.1184
server4,3.6,18.58176
server4,3.8,17.69472
server4,4.0,20.9136
server4,4.2,21.02944
server4,4.4,41.94304
server4,4.6,20.97152
server4,4.8,19.6608
server4,5.0,19.5664
server4,5.2,36.70016
server4,5.4,20.97152
server4,5.6,41.28768
server4,5.8,20.97152
server4,6.0,18.35008
server4,6.2,36.70016
server4,6.4,38.60832
server4,6.6,20.624
server4,6.8,42.15648
server4,7.0,41.6352
server4,7.2,20.97152
server4,7.4,36.70016
server4,7.6,36.41056
server4,7.8,38.5504
server4,8.0,42.34848
server4,8.2,41.28768
server4,8.4,58.23264
server4,8.6,36.70016
server4,8.8,38.66624
server4,9.0,41.94304
server4,9.2,41.71136
server4,9.4,41.51936
server4,9.6,36.70016
server4,9.8,36.70016
server4,10.0,38.31872
server4,10.2,42.29056
server4,10.4,41.94304
server4,10.6,19.6608
server4,10.8,38.03232
server4,11.0,36.70016
server4,11.2,38.66624
server4,11.4,41.94304
server4,11.6,41.94304
server4,11.8,41.28768
server4,12.0,55.05024
server4,12.2,36.0448
server4,12.4,39.3216
server4,12.6,41.47968
server4,12.8,41.09568
server4,13.0,37.9744
server4,13.2,55.05024
server4,13.4,38.66624
server4,13.6,41.94304
server4,13.8,41.28768
server4,14.0,39.3216
server4,14.2,36.70016
server4,14.4,54.39488
server4,14.6,41.98272
server4,14.8,41.94304
server4,15.0,41.28768
server4,15.2,36.70016
server4,15.4,36.70016
server4,15.6,38.66624
server4,15.8,20.97152
server4,16.0,40.23008
server4,16.2,41.40352
server4,16.4,39.55328
server4,16.6,36.0448
server4,16.8,21.06912
server4,17.0,41.94304
server4,17.2,20.624
server4,17.4,62.60672
server4,17.6,42.33024
server4,17.8,18.35008
server4,18.0,57.01632
server4,18.2,41.71136
server4,18.4,21.2032
server4,18.6,41.28768
server4,18.8,39.3216
server4,19.0,55.05024
server4,19.2,38.66624
server4,19.4,41.94304
server4,19.6,20.31616
server4,19.8,42.19616
server4,20.0,19.5664
server4,20.2,36.70016
server4,20.4,36.70016
server4,20.6,40.63232
server4,20.8,22.30368
server4,21.0,41.94304
server4,21.2,41.28768
server4,21.4,36.64224
server4,21.6,36.21856
server4,21.8,21.06912
server4,22.0,42.29056
server4,22.2,41.94304
server4,22.4,40.63232
server4,22.6,37.31904
server4,22.8,41.29088
server4,23.0,38.66624
server4,23.2,41.94304
server4,23.4,41.28768
server4,23.6,42.25408
server4,23.8,36.70016
server4,24.0,36.70016
server4,24.2,59.63776
server4,24.4,41.28768
server4,24.6,20.37408
server4,24.8,55.8032
server4,25.0,36.70016
server4,25.2,38.66624
server4,25.4,41.94304
server4,25.6,41.94304
server4,25.8,20.31616
server4,26.0,39.3216
server4,26.2,36.41056
server4,26.4,36.3344
server4,26.6,41.28768
server4,26.8,42.34848
server4,27.0,40.97984
server4,27.2,37.9744
server4,27.4,55.05024
server4,27.6,38.01088
server4,27.8,22.12992
server4,28.0,41.94304
server4,28.2,41.28768
server4,28.4,55.05024
server4,28.6,36.0448
server4,28.8,41.94304
server4,29.0,41.94304
server4,29.2,40.63232
server4,29.4,37.9744
server4,29.6,36.70016
server4,29.8,56.43712
server4,30.0,42.52224
server4,30.2,41.28768
server4,30.4,39.94048
server4,30.6,36.70016
server4,30.8,57.01632
server4,31.0,41.59552
server4,31.2,42.29056
server4,31.4,39.28512
server4,31.6,36.70016
server4,31.8,36.70016
server4,32.0,59.63776
server4,32.2,41.94304
server4,32.4,41.07744
server4,32.6,37.9744
server4,32.8,36.70016
server4,33.0,36.0448
server4,33.2,41.8272
server4,33.4,42.05888
server4,33.6,59.63776
server4,33.8,39.3216
server4,34.0,36.0448
server4,34.2,41.94304
server4,34.4,41.94304
server4,34.6,41.28768
server4,34.8,39.3216
server4,35.0,36.70016
server4,35.2,38.66624
server4,35.4,41.94304
server4,35.6,41.28768
server4,35.8,57.8272
server4,36.0,36.70016
server4,36.2,18.35008
server4,36.4,38.66624
server4,36.6,41.94304
server4,36.8,41.94304
server4,37.0,39.16928
server4,37.2,55.05024
server4,37.4,38.66624
server4,37.6,41.94304
server4,37.8,41.94304
server4,38.0,41.28768
server4,38.2,36.70016
server4,38.4,36.70016
server4,38.6,38.66624
server4,38.8,41.71136
server4,39.0,42.17472
server4,39.2,57.40352
server4,39.4,17.69472
server4,39.6,40.71168
server4,39.8,38.66624
server4,40.0,41.94304
server4,40.2,41.28768
server4,40.4,39.3216
server4,40.6,36.70016
server4,40.8,36.0448
server4,41.0,41.94304
server4,41.2,41.30592
server4,41.4,38.648
server4,41.6,56.32448
server4,41.8,36.70016
server4,42.0,38.66624
server4,42.2,41.94304
server4,42.4,41.94304
server4,42.6,38.66624
server4,42.8,36.70016
server4,43.0,57.01632
server4,43.2,39.3216
server4,43.4,41.94304
server4,43.6,41.28768
server4,43.8,36.70016
server4,44.0,36.70016
server4,44.2,59.63776
server4,44.4,41.94304
server4,44.6,20.97152
server4,44.8,59.63776
server4,45.0,36.70016
server5,0.2,70.67584
server5,0.4,20.68192
server5,0.6,0.65536
server5,0.8,0.65536
server5,1.0,0.71328
server5,1.2,0.82912
server5,1.4,0.71328
server5,1.6,0.65536
server5,1.8,0.65536
server5,2.0,16.384
server5,2.2,0.65536
server5,2.4,0.65536
server5,2.6,0.65536
server5,2.8,0.65536
server5,3.0,0.65536
server5,3.2,17.69472
server5,3.4,0.65536
server5,3.6,0.65536
server5,3.8,0.65536
server5,4.0,19.00544
server5,4.2,0.65536
server5,4.4,0.65536
server5,4.6,19.00544
server5,4.8,0.65536
server5,5.0,0.65536
server5,5.2,0.65536
server5,5.4,19.00544
server5,5.6,0.65536
server5,5.8,20.1424
server5,6.0,0.65536
server5,6.2,0.65536
server5,6.4,19.1792
server5,6.6,0.65536
server5,6.8,0.65536
server5,7.0,22.15136
server5,7.2,0.65536
server5,7.4,20.31616
server5,7.6,0.65536
server5,7.8,19.6608
server5,8.0,0.65536
server5,8.2,20.31616
server5,8.4,0.65536
server5,8.6,20.31616
server5,8.8,0.65536
server5,9.0,19.6608
server5,9.2,25.43136
server5,9.4,20.48992
server5,9.6,0.65536
server5,9.8,20.25824
server5,10.0,21.02944
server5,10.2,20.31616
server5,10.4,22.24576
server5,10.6,20.97152
server5,10.8,20.31616
server5,11.0,20.97152
server5,11.2,62.99392
server5,11.4,21.53248
server5,11.6,41.94304
server5,11.8,20.97152
server5,12.0,41.28768
server5,12.2,41.5376
server5,12.4,42.34848
server5,12.6,41.79072
server5,12.8,41.94304
server5,13.0,41.94304
server5,13.2,41.28768
server5,13.4,63.64928
server5,13.6,41.90656
server5,13.8,41.17184
server5,14.0,42.75392
server5,14.2,19.71872
server5,14.4,44.144
server5,14.6,41.42176
server5,14.8,20.83744
server5,15.0,21.5904
server5,15.2,41.94304
server5,15.4,20.97152
server5,15.6,41.28768
server5,15.8,41.94304
server5,16.0,20.97152
server5,16.2,41.28768
server5,16.4,21.53248
server5,16.6,41.28768
server5,16.8,43.10144
server5,17.0,20.31616
server5,17.2,41.94304
server5,17.4,41.94304
server5,17.6,19.6608
server5,17.8,43.21728
server5,18.0,41.5376
server5,18.2,41.57728
server5,18.4,21.08736
server5,18.6,41.94304
server5,18.8,20.97152
server5,19.0,41.84864
server5,19.2,41.94304
server5,19.4,20.97152
server5,19.6,41.28768
server5,19.8,41.28768
server5,20.0,21.72448
server5,20.2,41.28768
server5,20.4,41.94304
server5,20.6,41.94304
server5,20.8,20.97152
server5,21.0,41.28768
server5,21.2,41.28768
server5,21.4,42.312
server5,21.6,41.94304
server5,21.8,20.97152
server5,22.0,41.94304
server5,22.2,41.28768
server5,22.4,41.42176
server5,22.6,20.83744
server5,22.8,42.7936
server5,23.0,41.94304
server5,23.2,41.94304
server5,23.4,41.28768
server5,23.6,41.28768
server5,23.8,21.3008
server5,24.0,42.38816
server5,24.2,41.94304
server5,24.4,41.056
server5,24.6,41.5376
server5,24.8,42.58016
server5,25.0,41.28768
server5,25.2,41.94304
server5,25.4,41.94304
server5,25.6,41.28768
server5,25.8,41.28768
server5,26.0,42.86976
server5,26.2,41.28768
server5,26.4,41.94304
server5,26.6,41.28768
server5,26.8,41.94304
server5,27.0,41.94304
server5,27.2,41.90656
server5,27.4,41.94304
server5,27.6,41.94304
server5,27.8,41.28768
server5,28.0,41.94304
server5,28.2,20.31616
server5,28.4,84.44704
server5,28.6,41.94304
server5,28.8,41.28768
server5,29.0,41.94304
server5,29.2,41.11392
server5,29.4,41.47968
server5,29.6,41.94304
server5,29.8,41.9248
server5,30.0,41.94304
server5,30.2,41.94304
server5,30.4,41.28768
server5,30.6,41.88512
server5,30.8,42.56192
server5,31.0,41.67488
server5,31.2,42.23264
server5,31.4,41.28768
server5,31.6,41.94304
server5,31.8,41.28768
server5,32.0,42.38816
server5,32.2,42.1168
server5,32.4,41.94304
server5,32.6,40.63232
server5,32.8,43.21728
server5,33.0,42.56192
server5,33.2,41.28768
server5,33.4,41.94304
server5,33.6,40.88224
server5,33.8,41.69312
server5,34.0,42.9856
server5,34.2,20.31616
server5,34.4,41.28768
server5,34.6,43.15936
server5,34.8,41.46144
server5,35.0,41.5376
server5,35.2,41.69312
server5,35.4,42.61984
server5,35.6,41.65344
server5,35.8,42.23264
server5,36.0,41.28768
server5,36.2,41.71136
server5,36.4,41.51936
server5,36.6,41.94304
server5,36.8,41.5376
server5,37.0,41.69312
server5,37.2,41.71136
server5,37.4,62.49088
server5,37.6,41.94304
server5,37.8,41.71136
server5,38.0,41.51936
server5,38.2,42.27232
server5,38.4,41.94304
server5,38.6,41.056
server5,38.8,42.17472
server5,39.0,41.28768
server5,39.2,41.65344
server5,39.4,41.57728
server5,39.6,42.38816
server5,39.8,41.28768
server5,40.0,43.04352
server5,40.2,41.28768
server5,40.4,41.94304
server5,40.6,41.94304
server5,40.8,41.28768
server5,41.0,41.94304
server5,41.2,40.7664
server5,41.4,42.46432
server5,41.6,40.99808
server5,41.8,42.56192
server5,42.0,41.94304
server5,42.2,41.94304
server5,42.4,41.11392
server5,42.6,42.1168
server5,42.8,42.61984
server5,43.0,41.28768
server5,43.2,41.94304
server5,43.4,41.28768
server5,43.6,41.94304
server5,43.8,41.94304
server5,44.0,41.28768
server5,44.2,41.94304
server5,44.4,41.94304
server5,44.6,41.28768
server5,44.8,41.94304
server5,45.0,41.96448
server6,0.2,88.27296
server6,0.4,0.65536
server6,0.6,0.65536
server6,0.8,0.65536
server6,1.0,0.65536
server6,1.2,23.59296
server6,1.4,0.65536
server6,1.6,0.65536
server6,1.8,0.65536
server6,2.0,0.65536
server6,2.2,0.65536
server6,2.4,0.65536
server6,2.6,0.65536
server6,2.8,0.65536
server6,3.0,0.65536
server6,3.2,0.65536
server6,3.4,0.65536
server6,3.6,19.00544
server6,3.8,0.65536
server6,4.0,0.65536
server6,4.2,0.65536
server6,4.4,0.65536
server6,4.6,0.65536
server6,4.8,0.65536
server6,5.0,22.28224
server6,5.2,0.65536
server6,5.4,0.65536
server6,5.6,0.65536
server6,5.8,0.65536
server6,6.0,0.65536
server6,6.2,22.28224
server6,6.4,0.65536
server6,6.6,0.65536
server6,6.8,0.65536
server6,7.0,24.24832
server6,7.2,0.65536
server6,7.4,0.65536
server6,7.6,0.65536
server6,7.8,24.07456
server6,8.0,0.65536
server6,8.2,0.65536
server6,8.4,0.65536
server6,8.6,23.59296
server6,8.8,0.65536
server6,9.0,0.65536
server6,9.2,25.46464
server6,9.4,0.65536
server6,9.6,25.55904
server6,9.8,0.65536
server6,10.0,25.55904
server6,10.2,0.65536
server6,10.4,25.55904
server6,10.6,25.55904
server6,10.8,0.65536
server6,11.0,24.97984
server6,11.2,26.13824
server6,11.4,53.9744
server6,11.6,25.55904
server6,11.8,26.2144
server6,12.0,25.55904
server6,12.2,27.02528
server6,12.4,25.55904
server6,12.6,26.2144
server6,12.8,52.02336
server6,13.0,25.96448
server6,13.2,26.2144
server6,13.4,25.55904
server6,13.6,27.6624
server6,13.8,0.65536
server6,14.0,52.3344
server6,14.2,0.65536
server6,14.4,25.55904
server6,14.6,26.2144
server6,14.8,26.2144
server6,15.0,25.55904
server6,15.2,0.65536
server6,15.4,25.55904
server6,15.6,25.9248
server6,15.8,25.84864
server6,16.0,26.77536
server6,16.2,26.2144
server6,16.4,26.2144
server6,16.6,26.2144
server6,16.8,25.57728
server6,17.0,26.19616
server6,17.2,26.2144
server6,17.4,26.15648
server6,17.6,25.61696
server6,17.8,26.8912
server6,18.0,0.65536
server6,18.2,25.55904
server6,18.4,52.4288
server6,18.6,0.65536
server6,18.8,25.38528
server6,19.0,25.7328
server6,19.2,26.2144
server6,19.4,26.2144
server6,19.6,26.2144
server6,19.8,25.55904
server6,20.0,25.98272
server6,20.2,26.15648
server6,20.4,26.504
server6,20.6,25.55904
server6,20.8,26.2144
server6,21.0,26.2144
server6,21.2,25.55904
server6,21.4,27.43072
server6,21.6,25.55904
server6,21.8,26.2144
server6,22.0,26.2144
server6,22.2,26.2144
server6,22.4,25.03776
server6,22.6,26.73568
server6,22.8,25.55904
server6,23.0,26.6016
server6,23.2,53.04768
server6,23.4,26.2144
server6,23.6,25.98272
server6,23.8,26.44608
server6,24.0,25.4432
server6,24.2,26.33024
server6,24.4,26.2144
server6,24.6,26.2144
server6,24.8,25.55904
server6,25.0,52.4288
server6,25.2,26.2144
server6,25.4,25.55904
server6,25.6,25.9248
server6,25.8,52.7184
server6,26.0,28.83584
server6,26.2,25.55904
server6,26.4,52.08128
server6,26.6,26.56192
server6,26.8,25.55904
server6,27.0,52.4288
server6,27.2,25.55904
server6,27.4,52.98976
server6,27.6,26.2144
server6,27.8,78.8384
server6,28.0,25.9248
server6,28.2,52.06304
server6,28.4,52.816
server6,28.6,26.27232
server6,28.8,51.54176
server6,29.0,52.17888
server6,29.2,0.65536
server6,29.4,53.26112
server6,29.6,0.65536
server6,29.8,51.11808
server6,30.0,26.2144
server6,30.2,0.65536
server6,30.4,25.55904
server6,30.6,25.55904
server6,30.8,26.2144
server6,31.0,0.65536
server6,31.2,24.90368
server6,31.4,26.6016
server6,31.6,26.65952
server6,31.8,26.33024
server6,32.0,0.65536
server6,32.2,25.55904
server6,32.4,26.2144
server6,32.6,26.2144
server6,32.8,0.65536
server6,33.0,24.90368
server6,33.2,25.9248
server6,33.4,25.80896
server6,33.6,26.25408
server6,33.8,26.77536
server6,34.0,26.2144
server6,34.2,26.2144
server6,34.4,26.2144
server6,34.6,26.2144
server6,34.8,0.65536
server6,35.0,24.90368
server6,35.2,25.80896
server6,35.4,26.61984
server6,35.6,26.2144
server6,35.8,25.55904
server6,36.0,26.2144
server6,36.2,25.9248
server6,36.4,26.504
server6,36.6,25.1536
server6,36.8,26.61984
server6,37.0,26.2144
server6,37.2,26.2144
server6,37.4,28.83584
server6,37.6,0.65536
server6,37.8,24.90368
server6,38.0,26.2144
server6,38.2,25.9248
server6,38.4,26.504
server6,38.6,25.55904
server6,38.8,26.2144
server6,39.0,26.2144
server6,39.2,25.55904
server6,39.4,26.83328
server6,39.6,26.2144
server6,39.8,26.2144
server6,40.0,26.2144
server6,40.2,26.2144
server6,40.4,25.55904
server6,40.6,26.2144
server6,40.8,25.55904
server6,41.0,25.9248
server6,41.2,26.83328
server6,41.4,52.4288
server6,41.6,26.2144
server6,41.8,25.55904
server6,42.0,26.2144
server6,42.2,26.2144
server6,42.4,52.46848
server6,42.6,25.55904
server6,42.8,26.2144
server6,43.0,52.4288
server6,43.2,25.55904
server6,43.4,52.4288
server6,43.6,25.80896
server6,43.8,54.80032
server6,44.0,52.4288
server6,44.2,26.2144
server6,44.4,51.19424
server6,44.6,26.504
server6,44.8,52.06304
server6,45.0,52.4288
server7,0.2,77.61344
server7,0.4,1.64
server7,0.6,25.55904
server7,0.8,0.65536
server7,1.0,0.65536
server7,1.2,0.65536
server7,1.4,0.65536
server7,1.6,20.97152
server7,1.8,0.65536
server7,2.0,0.65536
server7,2.2,0.65536
server7,2.4,21.62688
server7,2.6,0.65536
server7,2.8,22.28224
server7,3.0,0.65536
server7,3.2,22.47424
server7,3.4,1.11872
server7,3.6,22.47424
server7,3.8,0.65536
server7,4.0,23.40096
server7,4.2,23.59296
server7,4.4,22.28224
server7,4.6,0.65536
server7,4.8,24.21184
server7,5.0,23.59296
server7,5.2,23.59296
server7,5.4,23.59296
server7,5.6,22.9376
server7,5.8,23.59296
server7,6.0,22.9376
server7,6.2,27.6624
server7,6.4,23.59296
server7,6.6,22.9376
server7,6.8,23.59296
server7,7.0,23.59296
server7,7.2,23.59296
server7,7.4,46.12512
server7,7.6,23.9984
server7,7.8,23.59296
server7,8.0,23.47712
server7,8.2,49.94464
server7,8.4,23.4192
server7,8.6,22.9376
server7,8.8,47.39936
server7,9.0,23.59296
server7,9.2,47.18592
server7,9.4,23.59296
server7,9.6,46.41472
server7,9.8,47.30176
server7,10.0,23.59296
server7,10.2,46.53056
server7,10.4,46.89632
server7,10.6,23.88256
server7,10.8,49.152
server7,11.0,46.89632
server7,11.2,71.20576
server7,11.4,47.18592
server7,11.6,22.9376
server7,11.8,47.18592
server7,12.0,47.18592
server7,12.2,46.53056
server7,12.4,23.59296
server7,12.6,46.53056
server7,12.8,0.65536
server7,13.0,45.23808
server7,13.2,0.65536
server7,13.4,51.21568
server7,13.6,0.65536
server7,13.8,0.7712
server7,14.0,0.42368
server7,14.2,0.65536
server7,14.4,0.65536
server7,14.6,0.65536
server7,14.8,0.65536
server7,15.0,122.34304
server7,15.2,57.01632
server7,15.4,28.83584
server7,15.6,28.77792
server7,15.8,54.4528
server7,16.0,28.83584
server7,16.2,28.66208
server7,16.4,57.19008
server7,16.6,28.83584
server7,16.8,54.39488
server7,17.0,28.83584
server7,17.2,57.67168
server7,17.4,28.18048
server7,17.6,57.67168
server7,17.8,28.83584
server7,18.0,54.39488
server7,18.2,28.60416
server7,18.4,57.248
server7,18.6,28.83584
server7,18.8,57.67168
server7,19.0,25.55904
server7,19.2,57.67168
server7,19.4,28.83584
server7,19.6,57.01632
server7,19.8,28.31456
server7,20.0,54.91616
server7,20.2,28.83584
server7,20.4,57.67168
server7,20.6,28.06464
server7,20.8,57.78752
server7,21.0,28.83584
server7,21.2,54.39488
server7,21.4,28.83584
server7,21.6,57.01632
server7,21.8,28.83584
server7,22.0,57.67168
server7,22.2,25.55904
server7,22.4,57.26624
server7,22.6,29.0096
server7,22.8,57.248
server7,23.0,28.83584
server7,23.2,54.39488
server7,23.4,28.83584
server7,23.6,57.67168
server7,23.8,28.18048
server7,24.0,28.83584
server7,24.2,57.67168
server7,24.4,54.39488
server7,24.6,28.83584
server7,24.8,28.83584
server7,25.0,57.01632
server7,25.2,28.83584
server7,25.4,54.39488
server7,25.6,28.83584
server7,25.8,57.67168
server7,26.0,28.18048
server7,26.2,57.67168
server7,26.4,28.83584
server7,26.6,25.55904
server7,26.8,55.05024
server7,27.0,28.83584
server7,27.2,57.75104
server7,27.4,28.54624
server7,27.6,55.33984
server7,27.8,28.18048
server7,28.0,57.67168
server7,28.2,28.83584
server7,28.4,57.01632
server7,28.6,28.83584
server7,28.8,54.39488
server7,29.0,28.54624
server7,29.2,28.77792
server7,29.4,56.70848
server7,29.6,29.53088
server7,29.8,55.05024
server7,30.0,28.18048
server7,30.2,57.61376
server7,30.4,28.2384
server7,30.6,57.94304
server7,30.8,28.89376
server7,31.0,54.22112
server7,31.2,29.0096
server7,31.4,57.55584
server7,31.6,28.29632
server7,31.8,28.83584
server7,32.0,55.05024
server7,32.2,56.84256
server7,32.4,29.0096
server7,32.6,28.83584
server7,32.8,57.01632
server7,33.0,28.83584
server7,33.2,54.39488
server7,33.4,28.83584
server7,33.6,57.67168
server7,33.8,28.18048
server7,34.0,57.67168
server7,34.2,26.2144
server7,34.4,57.01632
server7,34.6,28.83584
server7,34.8,57.01632
server7,35.0,28.83584
server7,35.2,55.05024
server7,35.4,28.18048
server7,35.6,57.67168
server7,35.8,28.60416
server7,36.0,57.248
server7,36.2,28.83584
server7,36.4,54.39488
server7,36.6,28.83584
server7,36.8,57.67168
server7,37.0,28.18048
server7,37.2,28.25664
server7,37.4,58.25088
server7,37.6,28.18048
server7,37.8,57.67168
server7,38.0,28.83584
server7,38.2,57.01632
server7,38.4,28.83584
server7,38.6,54.39488
server7,38.8,28.83584
server7,39.0,57.67168
server7,39.2,28.18048
server7,39.4,57.67168
server7,39.6,26.2144
server7,39.8,57.01632
server7,40.0,28.83584
server7,40.2,56.6688
server7,40.4,29.18336
server7,40.6,55.05024
server7,40.8,28.18048
server7,41.0,57.67168
server7,41.2,28.83584
server7,41.4,57.01632
server7,41.6,28.83584
server7,41.8,54.39488
server7,42.0,28.83584
server7,42.2,57.01632
server7,42.4,28.93344
server7,42.6,28.83584
server7,42.8,55.05024
server7,43.0,57.01632
server7,43.2,28.83584
server7,43.4,28.18048
server7,43.6,57.71136
server7,43.8,28.83584
server7,44.0,54.39488
server7,44.2,28.83584
server7,44.4,57.67168
server7,44.6,28.18048
server7,44.8,57.67168
server7,45.0,28.83584
server8,0.2,81.62176
server8,0.4,0.65536
server8,0.6,0.65536
server8,0.8,0.65536
server8,1.0,0.65536
server8,1.2,0.65536
server8,1.4,0.65536
server8,1.6,0.65536
server8,1.8,0.65536
server8,2.0,0.65536
server8,2.2,0.65536
server8,2.4,0.65536
server8,2.6,0.65536
server8,2.8,0.65536
server8,3.0,0.65536
server8,3.2,0.65536
server8,3.4,0.65536
server8,3.6,10.48576
server8,3.8,0.65536
server8,4.0,0.65536
server8,4.2,0.65536
server8,4.4,0.65536
server8,4.6,0.65536
server8,4.8,0.65536
server8,5.0,0.65536
server8,5.2,0.65536
server8,5.4,0.65536
server8,5.6,0.65536
server8,5.8,0.65536
server8,6.0,0.65536
server8,6.2,0.65536
server8,6.4,12.45184
server8,6.6,0.65536
server8,6.8,0.65536
server8,7.0,0.65536
server8,7.2,0.65536
server8,7.4,0.65536
server8,7.6,0.65536
server8,7.8,0.65536
server8,8.0,0.65536
server8,8.2,0.65536
server8,8.4,15.07328
server8,8.6,0.65536
server8,8.8,0.65536
server8,9.0,0.65536
server8,9.2,0.65536
server8,9.4,18.35008
server8,9.6,0.65536
server8,9.8,0.65536
server8,10.0,18.36832
server8,10.2,1.29248
server8,10.4,20.31616
server8,10.6,0.65536
server8,10.8,0.65536
server8,11.0,19.6608
server8,11.2,0.65536
server8,11.4,19.6608
server8,11.6,0.65536
server8,11.8,41.84864
server8,12.0,0.65536
server8,12.2,20.31616
server8,12.4,0.65536
server8,12.6,20.31616
server8,12.8,20.97152
server8,13.0,13.76256
server8,13.2,7.20896
server8,13.4,20.31616
server8,13.6,20.97152
server8,13.8,20.97152
server8,14.0,20.97152
server8,14.2,47.7168
server8,14.4,20.31616
server8,14.6,41.94304
server8,14.8,20.97152
server8,15.0,41.28768
server8,15.2,20.97152
server8,15.4,41.94304
server8,15.6,20.50816
server8,15.8,41.75104
server8,16.0,41.8272
server8,16.2,42.05888
server8,16.4,41.28768
server8,16.6,41.94304
server8,16.8,42.56192
server8,17.0,84.66048
server8,17.2,41.57728
server8,17.4,0.65536
server8,17.6,19.6608
server8,17.8,43.21728
server8,18.0,20.31616
server8,18.2,0.65536
server8,18.4,43.4704
server8,18.6,20.31616
server8,18.8,0.65536
server8,19.0,23.44384
server8,19.2,20.31616
server8,19.4,0.65536
server8,19.6,22.63296
server8,19.8,0.65536
server8,20.0,19.6608
server8,20.2,20.97152
server8,20.4,0.65536
server8,20.6,20.20032
server8,20.8,0.65536
server8,21.0,19.77664
server8,21.2,0.65536
server8,21.4,21.47456
server8,21.6,20.97152
server8,21.8,0.65536
server8,22.0,19.6608
server8,22.2,20.97152
server8,22.4,20.85568
server8,22.6,0.65536
server8,22.8,20.432
server8,23.0,20.97152
server8,23.2,0.65536
server8,23.4,19.13952
server8,23.6,21.4928
server8,23.8,20.97152
server8,24.0,0.65536
server8,24.2,19.6608
server8,24.4,22.24576
server8,24.6,20.31616
server8,24.8,0.65536
server8,25.0,20.31616
server8,25.2,20.97152
server8,25.4,0.65536
server8,25.6,20.31616
server8,25.8,20.97152
server8,26.0,20.97152
server8,26.2,20.31616
server8,26.4,0.65536
server8,26.6,20.31616
server8,26.8,20.97152
server8,27.0,0.65536
server8,27.2,20.31616
server8,27.4,20.97152
server8,27.6,20.31616
server8,27.8,20.97152
server8,28.0,0.65536
server8,28.2,20.31616
server8,28.4,20.97152
server8,28.6,20.97152
server8,28.8,0.65536
server8,29.0,20.31616
server8,29.2,20.31616
server8,29.4,20.97152
server8,29.6,20.97152
server8,29.8,0.65536
server8,30.0,20.31616
server8,30.2,20.9136
server8,30.4,20.37408
server8,30.6,0.65536
server8,30.8,20.31616
server8,31.0,20.97152
server8,31.2,20.97152
server8,31.4,20.97152
server8,31.6,20.97152
server8,31.8,20.31616
server8,32.0,20.97152
server8,32.2,0.65536
server8,32.4,20.31616
server8,32.6,41.94304
server8,32.8,20.31616
server8,33.0,20.97152
server8,33.2,20.97152
server8,33.4,20.97152
server8,33.6,20.97152
server8,33.8,20.97152
server8,34.0,20.02656
server8,34.2,41.57728
server8,34.4,20.9136
server8,34.6,22.24576
server8,34.8,41.056
server8,35.0,21.2032
server8,35.2,41.94304
server8,35.4,20.31616
server8,35.6,41.65344
server8,35.8,21.26112
server8,36.0,41.94304
server8,36.2,41.28768
server8,36.4,41.88512
server8,36.6,21.02944
server8,36.8,41.28768
server8,37.0,40.88224
server8,37.2,43.10144
server8,37.4,41.28768
server8,37.6,41.94304
server8,37.8,58.9824
server8,38.0,44.44864
server8,38.2,21.3008
server8,38.4,0.65536
server8,38.6,19.8528
server8,38.8,43.89408
server8,39.0,20.31616
server8,39.2,0.65536
server8,39.4,65.58208
server8,39.6,0.65536
server8,39.8,19.6608
server8,40.0,23.40416
server8,40.2,0.65536
server8,40.4,1.23456
server8,40.6,19.6608
server8,40.8,20.97152
server8,41.0,20.97152
server8,41.2,0.65536
server8,41.4,19.3712
server8,41.6,21.26112
server8,41.8,0.65536
server8,42.0,20.31616
server8,42.2,20.97152
server8,42.4,0.65536
server8,42.6,20.20032
server8,42.8,20.432
server8,43.0,0.65536
server8,43.2,20.31616
server8,43.4,0.65536
server8,43.6,20.31616
server8,43.8,20.97152
server8,44.0,0.65536
server8,44.2,20.31616
server8,44.4,19.67904
server8,44.6,21.60864
server8,44.8,0.65536
server8,45.0,20.31616
server9,0.2,73.89152
server9,0.4,0.65536
server9,0.6,0.65536
server9,0.8,0.65536
server9,1.0,0.65536
server9,1.2,0.65536
server9,1.4,0.65536
server9,1.6,0.65536
server9,1.8,13.76256
server9,2.0,0.65536
server9,2.2,0.65536
server9,2.4,0.65536
server9,2.6,0.65536
server9,2.8,0.65536
server9,3.0,0.65536
server9,3.2,0.65536
server9,3.4,0.65536
server9,3.6,0.65536
server9,3.8,12.45184
server9,4.0,0.65536
server9,4.2,0.65536
server9,4.4,0.65536
server9,4.6,0.65536
server9,4.8,0.65536
server9,5.0,15.07328
server9,5.2,0.65536
server9,5.4,0.65536
server9,5.6,0.65536
server9,5.8,0.65536
server9,6.0,15.72864
server9,6.2,0.65536
server9,6.4,0.65536
server9,6.6,0.65536
server9,6.8,16.32608
server9,7.0,0.65536
server9,7.2,0.65536
server9,7.4,0.65536
server9,7.6,15.07328
server9,7.8,0.65536
server9,8.0,0.65536
server9,8.2,18.19776
server9,8.4,0.65536
server9,8.6,0.65536
server9,8.8,17.03936
server9,9.0,0.65536
server9,9.2,17.69472
server9,9.4,18.17632
server9,9.6,0.82912
server9,9.8,17.46304
server9,10.0,0.65536
server9,10.2,17.27104
server9,10.4,18.35008
server9,10.6,0.65536
server9,10.8,17.69472
server9,11.0,18.35008
server9,11.2,54.95584
server9,11.4,0.88704
server9,11.6,36.0448
server9,11.8,18.35008
server9,12.0,18.35008
server9,12.2,18.35008
server9,12.4,36.0448
server9,12.6,18.35008
server9,12.8,36.70016
server9,13.0,36.0448
server9,13.2,37.2032
server9,13.4,18.408
server9,13.6,73.07424
server9,13.8,36.41056
server9,14.0,37.55072
server9,14.2,36.0448
server9,14.4,55.05024
server9,14.6,36.12096
server9,14.8,36.624
server9,15.0,55.94048
server9,15.2,18.35008
server9,15.4,36.0448
server9,15.6,18.35008
server9,15.8,37.37696
server9,16.0,17.69472
server9,16.2,18.58176
server9,16.4,0.24992
server9,16.6,19.24032
server9,16.8,18.17632
server9,17.0,18.52384
server9,17.2,0.65536
server9,17.4,17.69472
server9,17.6,18.35008
server9,17.8,0.65536
server9,18.0,17.69472
server9,18.2,17.69472
server9,18.4,18.35008
server9,18.6,18.35008
server9,18.8,0.65536
server9,19.0,17.23136
server9,19.2,18.81344
server9,19.4,18.35008
server9,19.6,17.69472
server9,19.8,18.35008
server9,20.0,0.65536
server9,20.2,35.38944
server9,20.4,0.65536
server9,20.6,18.91104
server9,20.8,18.35008
server9,21.0,17.69472
server9,21.2,18.35008
server9,21.4,18.35008
server9,21.6,18.17632
server9,21.8,18.52384
server9,22.0,18.35008
server9,22.2,18.35008
server9,22.4,17.40512
server9,22.6,0.65536
server9,22.8,17.98432
server9,23.0,18.35008
server9,23.2,18.35008
server9,23.4,18.35008
server9,23.6,18.17632
server9,23.8,17.86848
server9,24.0,18.35008
server9,24.2,18.35008
server9,24.4,18.35008
server9,24.6,18.35008
server9,24.8,18.35008
server9,25.0,17.0576
server9,25.2,18.9872
server9,25.4,18.35008
server9,25.6,17.69472
server9,25.8,19.5664
server9,26.0,18.35008
server9,26.2,17.69472
server9,26.4,18.35008
server9,26.6,18.35008
server9,26.8,18.35008
server9,27.0,18.35008
server9,27.2,18.35008
server9,27.4,17.69472
server9,27.6,18.35008
server9,27.8,36.46848
server9,28.0,18.58176
server9,28.2,18.35008
server9,28.4,36.0448
server9,28.6,18.35008
server9,28.8,18.35008
server9,29.0,36.70016
server9,29.2,18.35008
server9,29.4,35.92896
server9,29.6,18.46592
server9,29.8,37.26112
server9,30.0,36.0448
server9,30.2,18.17632
server9,30.4,36.87392
server9,30.6,36.70016
server9,30.8,36.0448
server9,31.0,36.0448
server9,31.2,37.56896
server9,31.4,54.04736
server9,31.6,37.04768
server9,31.8,36.70016
server9,32.0,36.0448
server9,32.2,55.6112
server9,32.4,36.0448
server9,32.6,36.70016
server9,32.8,54.39488
server9,33.0,17.52096
server9,33.2,18.04224
server9,33.4,38.53536
server9,33.6,38.90112
server9,33.8,17.03936
server9,34.0,1.0608
server9,34.2,19.9536
server9,34.4,18.35008
server9,34.6,18.35008
server9,34.8,18.35008
server9,35.0,17.71296
server9,35.2,36.68192
server9,35.4,18.00256
server9,35.6,18.6976
server9,35.8,18.35008
server9,36.0,18.35008
server9,36.2,18.35008
server9,36.4,36.0448
server9,36.6,18.35008
server9,36.8,18.35008
server9,37.0,18.35008
server9,37.2,18.35008
server9,37.4,35.40768
server9,37.6,18.9872
server9,37.8,18.35008
server9,38.0,36.70016
server9,38.2,17.03936
server9,38.4,19.91392
server9,38.6,18.35008
server9,38.8,36.70016
server9,39.0,18.35008
server9,39.2,18.35008
server9,39.4,36.0448
server9,39.6,17.69472
server9,39.8,19.21888
server9,40.0,36.70016
server9,40.2,17.57888
server9,40.4,18.46592
server9,40.6,18.35008
server9,40.8,36.70016
server9,41.0,18.35008
server9,41.2,17.69472
server9,41.4,36.70016
server9,41.6,17.69472
server9,41.8,19.5664
server9,42.0,36.0448
server9,42.2,17.69472
server9,42.4,19.33472
server9,42.6,36.70016
server9,42.8,18.1184
server9,43.0,17.81056
server9,43.2,36.816
server9,43.4,18.35008
server9,43.6,18.35008
server9,43.8,36.70016
server9,44.0,17.69472
server9,44.2,36.70016
server9,44.4,18.35008
server9,44.6,18.35008
server9,44.8,36.0448
server9,45.0,17.77088
server10,0.2,95.896
server10,0.4,30.80192
server10,0.6,223.53216
server10,0.8,41.71136
server10,1.0,41.28768
server10,1.2,44.79616
server10,1.4,44.39072
server10,1.6,44.08288
server10,1.8,41.94304
server10,2.0,41.28768
server10,2.2,44.56448
server10,2.4,44.56448
server10,2.6,43.90912
server10,2.8,41.94304
server10,3.0,41.94304
server10,3.2,43.90912
server10,3.4,44.44864
server10,3.6,44.02496
server10,3.8,43.90912
server10,4.0,0.65536
server10,4.2,45.80224
server10,4.4,43.90912
server10,4.6,44.56448
server10,4.8,0.65536
server10,5.0,42.5984
server10,5.2,43.21728
server10,5.4,0.65536
server10,5.6,41.28768
server10,5.8,41.11392
server10,6.0,44.6224
server10,6.2,0.65536
server10,6.4,43.96704
server10,6.6,43.96704
server10,6.8,41.94304
server10,7.0,41.28768
server10,7.2,0.65536
server10,7.4,43.25376
server10,7.6,44.73824
server10,7.8,44.4304
server10,8.0,41.8272
server10,8.2,0.65536
server10,8.4,41.3456
server10,8.6,43.67744
server10,8.8,44.79616
server10,9.0,43.96704
server10,9.2,41.94304
server10,9.4,41.94304
server10,9.6,0.65536
server10,9.8,43.25376
server10,10.0,44.56448
server10,10.2,43.25376
server10,10.4,43.10144
server10,10.6,42.05888
server10,10.8,41.28768
server10,11.0,0.65536
server10,11.2,43.90912
server10,11.4,44.56448
server10,11.6,43.90912
server10,11.8,41.94304
server10,12.0,41.28768
server10,12.2,44.56448
server10,12.4,44.56448
server10,12.6,43.90912
server10,12.8,41.94304
server10,13.0,41.94304
server10,13.2,43.90912
server10,13.4,0.65536
server10,13.6,43.90912
server10,13.8,43.25376
server10,14.0,43.2752
server10,14.2,41.88512
server10,14.4,41.3456
server10,14.6,44.56448
server10,14.8,43.25376
server10,15.0,45.31744
server10,15.2,41.59552
server10,15.4,41.6352
server10,15.6,44.56448
server10,15.8,44.56448
server10,16.0,43.90912
server10,16.2,0.65536
server10,16.4,41.28768
server10,16.6,41.28768
server10,16.8,44.56448
server10,17.0,44.56448
server10,17.2,43.90912
server10,17.4,41.94304
server10,17.6,41.65344
server10,17.8,44.08288
server10,18.0,44.68032
server10,18.2,0.65536
server10,18.4,42.5984
server10,18.6,43.2752
server10,18.8,0.65536
server10,19.0,41.28768
server10,19.2,43.90912
server10,19.4,44.56448
server10,19.6,43.50368
server10,19.8,1.0608
server10,20.0,43.90912
server10,20.2,41.65344
server10,20.4,41.57728
server10,20.6,44.56448
server10,20.8,43.90912
server10,21.0,44.95168
server10,21.2,0.65536
server10,21.4,41.28768
server10,21.6,41.28768
server10,21.8,44.56448
server10,22.0,44.56448
server10,22.2,43.90912
server10,22.4,41.94304
server10,22.6,41.76928
server10,22.8,41.056
server10,23.0,44.96992
server10,23.2,0.65536
server10,23.4,42.7904
server10,23.6,44.96992
server10,23.8,42.00096
server10,24.0,43.50368
server10,24.2,44.96992
server10,24.4,43.32992
server10,24.6,45.14368
server10,24.8,41.94304
server10,25.0,41.28768
server10,25.2,0.65536
server10,25.4,43.73536
server10,25.6,44.73824
server10,25.8,43.90912
server10,26.0,41.94304
server10,26.2,40.94016
server10,26.4,44.912
server10,26.6,43.98528
server10,26.8,44.48832
server10,27.0,41.94304
server10,27.2,41.94304
server10,27.4,43.79328
server10,27.6,44.68032
server10,27.8,43.25376
server10,28.0,43.15936
server10,28.2,41.94304
server10,28.4,41.28768
server10,28.6,44.56448
server10,28.8,43.5616
server10,29.0,44.912
server10,29.2,41.94304
server10,29.4,41.28768
server10,29.6,43.90912
server10,29.8,45.4912
server10,30.0,43.79328
server10,30.2,42.05888
server10,30.4,41.28768
server10,30.6,44.56448
server10,30.8,44.56448
server10,31.0,43.25376
server10,31.2,0.65536
server10,31.4,42.73568
server10,31.6,41.94304
server10,31.8,43.90912
server10,32.0,44.56448
server10,32.2,43.25376
server10,32.4,45.7808
server10,32.6,41.94304
server10,32.8,41.056
server10,33.0,44.79616
server10,33.2,43.90912
server10,33.4,44.56448
server10,33.6,41.94304
server10,33.8,41.28768
server10,34.0,44.56448
server10,34.2,0.65536
server10,34.4,43.90912
server10,34.6,43.90912
server10,34.8,0.65536
server10,35.0,41.28768
server10,35.2,41.28768
server10,35.4,44.56448
server10,35.6,0.65536
server10,35.8,43.25376
server10,36.0,44.60416
server10,36.2,41.94304
server10,36.4,0.65536
server10,36.6,41.28768
server10,36.8,43.50368
server10,37.0,44.96992
server10,37.2,43.25376
server10,37.4,43.21728
server10,37.6,41.94304
server10,37.8,0.65536
server10,38.0,43.25376
server10,38.2,44.56448
server10,38.4,43.25376
server10,38.6,45.25952
server10,38.8,41.94304
server10,39.0,0.65536
server10,39.2,40.34272
server10,39.4,44.85408
server10,39.6,44.56448
server10,39.8,43.25376
server10,40.0,42.9856
server10,40.2,40.94016
server10,40.4,44.73824
server10,40.6,0.65536
server10,40.8,44.08288
server10,41.0,43.90912
server10,41.2,41.94304
server10,41.4,41.94304
server10,41.6,43.90912
server10,41.8,44.56448
server10,42.0,43.90912
server10,42.2,41.94304
server10,42.4,41.94304
server10,42.6,40.99808
server10,42.8,42.23264
server10,43.0,43.90912
server10,43.2,44.56448
server10,43.4,41.94304
server10,43.6,41.28768
server10,43.8,0.65536
server10,44.0,43.90912
server10,44.2,44.15904
server10,44.4,44.31456
server10,44.6,41.94304
server10,44.8,41.28768
server10,45.0,44.44864
