algorithm,world_size,msg_bytes,time_ms
binary_tree_broadcast,8,1024,0.7078000053297728
binary_tree_broadcast,8,1024,0.7525000037276186
binary_tree_broadcast,8,1024,0.7589000015286729
binary_tree_broadcast,8,4096,0.8180999939213507
binary_tree_broadcast,8,4096,0.7528999994974583
binary_tree_broadcast,8,4096,0.7840999969630502
binary_tree_broadcast,8,16384,0.7433999999193475
binary_tree_broadcast,8,16384,0.9296999996877275
binary_tree_broadcast,8,16384,0.8382999949390069
binary_tree_broadcast,8,65536,1.0213999994448386
binary_tree_broadcast,8,65536,0.9761999972397462
binary_tree_broadcast,8,65536,0.8794000023044646
binary_tree_broadcast,8,262144,1.1860000013257377
binary_tree_broadcast,8,262144,1.061499999195803
binary_tree_broadcast,8,262144,1.205200002004858
binary_tree_broadcast,8,1048576,2.1488999991561286
binary_tree_broadcast,8,1048576,2.011999997193925
binary_tree_broadcast,8,1048576,2.1751000022049993
binary_tree_broadcast,8,4194304,7.051399996271357
binary_tree_broadcast,8,4194304,6.383600004483014
binary_tree_broadcast,8,4194304,6.527400000777561
binary_tree_broadcast,8,16777216,26.606099992932286
binary_tree_broadcast,8,16777216,29.577699999208562
binary_tree_broadcast,8,16777216,31.61769999860553
binary_tree_broadcast,8,33554432,37.52430000167806
binary_tree_broadcast,8,33554432,37.06090000196127
binary_tree_broadcast,8,33554432,44.30059999867808
binomial_tree_broadcast,8,1024,0.7910000058473088
binomial_tree_broadcast,8,1024,0.7516999976360239
binomial_tree_broadcast,8,1024,0.7255999953486025
binomial_tree_broadcast,8,4096,0.7217000020318665
binomial_tree_broadcast,8,4096,0.7140000016079284
binomial_tree_broadcast,8,4096,0.6906000053277239
binomial_tree_broadcast,8,16384,0.7123999967006966
binomial_tree_broadcast,8,16384,0.7949999999254942
binomial_tree_broadcast,8,16384,0.7419999965350144
binomial_tree_broadcast,8,65536,0.9608999971533194
binomial_tree_broadcast,8,65536,0.8586999974795617
binomial_tree_broadcast,8,65536,0.9330999964731745
binomial_tree_broadcast,8,262144,1.3013999996474013
binomial_tree_broadcast,8,262144,1.1211000019102357
binomial_tree_broadcast,8,262144,0.9779000029084273
binomial_tree_broadcast,8,1048576,2.0318000024417415
binomial_tree_broadcast,8,1048576,1.8486999979359098
binomial_tree_broadcast,8,1048576,2.020799998717848
binomial_tree_broadcast,8,4194304,5.0429999973857775
binomial_tree_broadcast,8,4194304,5.242200000793673
binomial_tree_broadcast,8,4194304,5.0725000037346035
binomial_tree_broadcast,8,16777216,21.62010000029113
binomial_tree_broadcast,8,16777216,22.906699996383395
binomial_tree_broadcast,8,16777216,21.007499999541324
binomial_tree_broadcast,8,33554432,39.27960000146413
binomial_tree_broadcast,8,33554432,37.28340000088792
binomial_tree_broadcast,8,33554432,40.2029999968363
ring_allgather,8,1024,1.6806999992695637
ring_allgather,8,1024,1.5471000006073155
ring_allgather,8,1024,1.717099999950733
ring_allgather,8,4096,1.7423999961465597
ring_allgather,8,4096,1.8089000004692934
ring_allgather,8,4096,1.7405999969923869
ring_allgather,8,16384,1.6848999948706478
ring_allgather,8,16384,1.7582000000402331
ring_allgather,8,16384,1.7154000015580095
ring_allgather,8,65536,3.802999999606982
ring_allgather,8,65536,3.613300003053155
ring_allgather,8,65536,4.307099996367469
ring_allgather,8,262144,5.848900000273716
ring_allgather,8,262144,4.468799997994211
ring_allgather,8,262144,5.045099998824298
ring_allgather,8,1048576,16.64339999842923
ring_allgather,8,1048576,15.55709999956889
ring_allgather,8,1048576,15.482500006328337
ring_allgather,8,4194304,71.17999999900348
ring_allgather,8,4194304,65.65289999707602
ring_allgather,8,4194304,64.61970000236761
ring_allgather,8,16777216,279.84299999661744
ring_allgather,8,16777216,289.89390000060666
ring_allgather,8,16777216,290.00359999918146
ring_allgather,8,33554432,576.6787999964436
ring_allgather,8,33554432,573.4422000023187
ring_allgather,8,33554432,580.0325999953202
recursive_doubling_allgather,8,1024,1.037699999869801
recursive_doubling_allgather,8,1024,1.0186999934376217
recursive_doubling_allgather,8,1024,1.1301000049570575
recursive_doubling_allgather,8,4096,1.018299997667782
recursive_doubling_allgather,8,4096,1.091399994038511
recursive_doubling_allgather,8,4096,1.0848000019905157
recursive_doubling_allgather,8,16384,4.4421999991755
recursive_doubling_allgather,8,16384,1.4491999972960912
recursive_doubling_allgather,8,16384,1.9184999982826412
recursive_doubling_allgather,8,65536,2.2039999967091717
recursive_doubling_allgather,8,65536,2.1707999985665083
recursive_doubling_allgather,8,65536,2.632299998367671
recursive_doubling_allgather,8,262144,9.96300000406336
recursive_doubling_allgather,8,262144,10.760800003481563
recursive_doubling_allgather,8,262144,11.170099998707883
recursive_doubling_allgather,8,1048576,27.88919999875361
recursive_doubling_allgather,8,1048576,28.187800002342556
recursive_doubling_allgather,8,1048576,18.341299997700844
recursive_doubling_allgather,8,4194304,75.45140000001993
recursive_doubling_allgather,8,4194304,69.4934999992256
recursive_doubling_allgather,8,4194304,71.35559999733232
recursive_doubling_allgather,8,16777216,331.6620999976294
recursive_doubling_allgather,8,16777216,299.34700000012526
recursive_doubling_allgather,8,16777216,291.7876999999862
recursive_doubling_allgather,8,33554432,657.819499996549
recursive_doubling_allgather,8,33554432,689.4635999997263
recursive_doubling_allgather,8,33554432,670.095699999365
swing_allgather,8,1024,1.1872000031871721
swing_allgather,8,1024,1.189199996588286
swing_allgather,8,1024,1.1190000004717149
swing_allgather,8,4096,1.186900000902824
swing_allgather,8,4096,1.1317000025883317
swing_allgather,8,4096,1.2088999937986955
swing_allgather,8,16384,1.2696999983745627
swing_allgather,8,16384,1.241500001924578
swing_allgather,8,16384,1.2182999998913147
swing_allgather,8,65536,3.407000003790017
swing_allgather,8,65536,4.413200003909878
swing_allgather,8,65536,3.3309999998891726
swing_allgather,8,262144,12.268799997400492
swing_allgather,8,262144,11.976500005403068
swing_allgather,8,262144,13.046100000792649
swing_allgather,8,1048576,21.359500002290588
swing_allgather,8,1048576,23.368800000753254
swing_allgather,8,1048576,26.301500001864042
swing_allgather,8,4194304,83.08000000397442
swing_allgather,8,4194304,81.71379999839701
swing_allgather,8,4194304,82.23010000074282
swing_allgather,8,16777216,400.78229999926407
swing_allgather,8,16777216,396.2270999982138
swing_allgather,8,16777216,388.4385999990627
swing_allgather,8,33554432,835.5775000018184
swing_allgather,8,33554432,836.2455999958911
swing_allgather,8,33554432,844.6427000017138
binary_tree_broadcast,2,1048576,0.6143999999039806
binary_tree_broadcast,2,1048576,0.5148999989614822
binary_tree_broadcast,2,1048576,0.5797999983769841
binary_tree_broadcast,4,1048576,1.1803999950643629
binary_tree_broadcast,4,1048576,1.0485999955562875
binary_tree_broadcast,4,1048576,1.1754000006476417
binomial_tree_broadcast,2,1048576,0.6406999964383431
binomial_tree_broadcast,2,1048576,0.738300004741177
binomial_tree_broadcast,2,1048576,0.5821000013384037
binomial_tree_broadcast,4,1048576,1.072400002158247
binomial_tree_broadcast,4,1048576,1.2043999959132634
binomial_tree_broadcast,4,1048576,1.189199996588286
ring_allgather,2,1048576,10.756399999081623
ring_allgather,2,1048576,10.424699998111464
ring_allgather,2,1048576,10.087499998917338
ring_allgather,4,1048576,4.252099999575876
ring_allgather,4,1048576,5.131799996888731
ring_allgather,4,1048576,4.1368000020156614
recursive_doubling_allgather,2,1048576,10.707300003559794
recursive_doubling_allgather,2,1048576,9.473799997067545
recursive_doubling_allgather,2,1048576,8.216500005801208
recursive_doubling_allgather,4,1048576,12.196399999083951
recursive_doubling_allgather,4,1048576,7.946999998239335
recursive_doubling_allgather,4,1048576,11.452300001110416
swing_allgather,2,1048576,5.670799997460563
swing_allgather,2,1048576,11.051000001316424
swing_allgather,2,1048576,11.179799999808893
swing_allgather,4,1048576,12.61040000099456
swing_allgather,4,1048576,12.99299999664072
swing_allgather,4,1048576,17.0429999998305
